Age,Potential,Value,Finishing,HeadingAccuracy,ShortPassing,Volleys,Dribbling,BallControl,SprintSpeed,ShotPower,Penalties,BMI,Work Rate_NUM
34,88,44500000,93,84,83,90,83,86,69,89,83,25.06,2
32,92,119500000,95,90,85,89,85,88,79,90,90,23.67,2
36,91,45000000,95,90,80,86,88,88,88,94,88,23.74,1
27,90,129500000,94,86,85,88,83,85,74,91,91,25.18,0
28,81,26500000,73,74,85,70,83,85,74,90,83,24.11,7
29,85,54000000,78,78,84,83,89,90,77,79,72,23.2,0
22,95,194000000,93,72,85,83,93,91,97,86,79,22.04,1
24,87,46000000,84,77,75,78,85,85,81,84,63,23.04,0
32,83,29500000,80,68,83,79,84,83,85,84,72,23.94,7
23,89,78000000,85,87,78,88,83,85,83,80,74,23.78,2
34,86,33000000,90,79,74,84,78,82,85,87,85,23.1,2
28,83,37000000,86,76,81,85,80,80,70,87,72,26.53,0
24,87,46500000,80,83,79,75,86,83,81,83,77,21.67,2
33,81,16500000,84,64,77,84,87,84,86,82,76,21.6,2
29,86,68000000,89,82,81,81,86,85,78,83,85,23.77,2
33,89,66000000,90,89,86,86,87,90,75,85,84,23.67,7
35,77,4500000,77,84,77,83,78,77,69,80,71,22.52,5
31,79,15000000,79,84,75,70,79,76,87,79,75,25.88,2
32,81,21000000,80,79,81,79,77,82,80,84,79,22.52,6
30,84,41500000,88,74,82,84,87,87,81,84,85,23.53,1
31,79,15000000,80,72,75,76,78,79,81,86,85,23.77,0
20,93,137500000,94,69,77,88,78,85,94,94,76,24.98,0
24,78,7000000,75,68,74,67,73,74,87,80,64,21.53,0
34,85,26000000,89,88,75,86,74,81,68,87,85,22.5,0
30,83,35500000,84,85,81,82,84,82,80,84,92,22.92,0
27,86,63000000,83,65,81,74,86,85,83,87,76,25.18,1
25,87,56000000,81,72,81,85,87,84,89,87,71,23.89,6
30,76,7500000,76,75,74,69,77,78,73,77,73,23.24,2
33,84,27000000,89,77,80,83,87,86,86,79,82,21.63,0
33,87,51000000,93,78,80,85,86,88,68,90,75,23.39,2
32,80,17000000,74,59,79,82,84,83,76,80,69,21.97,7
31,87,67500000,91,81,80,85,80,83,87,86,88,24.84,2
28,88,93500000,92,89,77,78,83,77,87,89,88,25.77,7
27,77,11500000,78,73,72,74,78,79,80,80,73,23.57,2
24,87,52500000,84,77,77,77,86,86,82,82,75,23.84,2
25,85,51000000,87,86,79,84,84,85,71,83,90,24.54,7
30,83,35500000,87,69,81,85,87,86,67,84,91,23.3,7
25,81,19000000,80,74,73,72,77,77,79,80,71,23.12,0
29,81,25500000,82,84,75,83,76,74,87,89,75,25.34,0
28,81,26500000,86,78,75,76,78,81,76,83,81,23.04,0
30,76,7500000,80,75,68,70,73,73,80,77,79,25.25,2
33,80,13500000,84,71,77,78,79,79,78,80,75,21.43,1
28,79,18000000,83,73,78,80,78,79,66,82,64,24.11,2
32,85,43500000,89,73,77,83,79,81,91,82,83,22.88,6
30,82,30000000,83,75,79,79,83,82,73,87,79,23.84,0
28,75,6000000,75,69,70,73,72,75,77,80,72,22.28,0
39,84,14500000,86,83,80,88,78,86,66,88,83,24.98,6
27,82,30000000,77,73,74,74,81,76,94,85,64,23.12,2
30,76,7000000,79,76,74,75,72,78,73,77,74,21.86,1
30,79,17000000,77,78,81,77,78,83,83,78,76,22.79,2
27,81,24500000,80,84,80,84,79,80,79,78,69,23.81,0
29,80,21000000,82,73,81,72,81,83,71,77,69,21.56,2
34,78,7000000,78,84,74,82,74,76,67,80,75,23.55,0
32,74,3400000,75,80,75,70,73,74,40,78,64,22.55,2
36,81,6500000,84,75,76,80,80,78,74,85,85,23.41,1
35,81,11000000,83,79,75,77,76,81,66,84,77,23.8,2
27,80,23000000,84,71,67,72,81,81,87,80,80,25.22,2
32,72,2500000,72,74,69,69,67,71,64,74,70,22.72,0
25,87,56500000,81,76,79,84,82,84,89,85,78,23.46,2
32,75,4600000,75,53,72,75,77,78,85,83,73,23.39,1
30,77,10500000,80,62,74,73,75,73,90,80,68,23.04,0
33,81,16500000,80,63,83,80,82,84,64,81,91,23.46,1
27,80,20500000,82,74,71,79,79,77,84,85,72,27.38,0
25,76,4000000,78,65,68,73,73,70,86,75,60,22.49,7
30,82,30000000,84,69,80,78,88,83,90,81,89,24.66,2
30,80,20500000,83,74,73,78,76,75,90,81,72,22.34,7
34,84,20500000,84,40,84,70,88,88,80,80,79,21.36,1
27,75,6000000,75,70,72,73,76,74,73,78,74,24.44,2
25,77,7000000,71,74,71,68,73,70,92,79,62,22.28,1
34,82,11500000,87,81,75,83,82,87,62,80,84,22.59,7
34,76,3600000,80,83,73,73,70,71,69,81,90,21.97,6
30,75,5500000,76,75,64,73,71,73,73,81,47,23.37,0
30,73,3000000,71,74,67,73,74,69,86,78,59,22.22,2
25,81,15000000,79,76,71,74,77,78,78,78,67,23.5,1
29,78,14000000,79,81,69,76,72,73,75,83,68,23.8,0
30,77,10500000,83,77,70,74,75,74,75,75,73,22.55,2
34,77,5000000,76,67,79,76,73,77,84,82,81,23.66,7
27,79,13500000,82,84,71,77,75,76,61,79,73,23.74,0
23,82,7000000,71,71,72,64,72,74,74,77,73,21.0,7
22,85,33000000,82,69,75,74,83,83,90,79,74,24.34,6
31,75,4800000,75,74,68,62,72,72,88,80,68,23.62,0
24,82,16000000,69,71,76,64,77,74,86,84,66,25.17,5
23,85,27500000,80,80,75,70,84,79,84,82,70,23.87,7
33,74,2700000,72,77,68,72,72,74,73,82,75,25.75,2
32,79,14000000,85,68,75,79,78,79,79,82,82,22.53,6
35,81,11000000,83,75,70,77,72,74,79,88,80,21.79,2
32,76,6000000,76,76,77,75,76,79,69,79,80,24.26,7
22,85,23500000,83,74,75,80,82,84,77,81,85,21.46,7
27,81,28000000,85,78,78,85,78,82,76,82,71,22.86,6
33,79,11000000,78,66,78,76,78,81,87,79,78,22.47,6
27,78,12500000,74,85,73,75,75,75,84,73,58,22.79,5
29,75,5500000,74,75,73,73,79,77,78,76,74,24.45,7
31,80,18000000,82,83,65,80,75,79,75,82,75,23.77,2
32,78,11500000,79,77,79,78,77,79,74,84,73,24.49,2
26,82,23000000,81,76,76,77,80,81,76,84,78,24.38,2
33,75,3600000,77,55,74,75,83,82,76,80,73,25.14,1
28,74,4300000,76,75,70,65,72,73,80,78,75,20.52,2
32,75,4600000,77,69,76,71,75,77,71,75,74,23.24,0
27,75,6000000,75,79,66,69,71,70,76,84,74,23.46,7
28,82,31000000,78,47,76,67,91,86,90,82,72,20.37,2
24,82,12000000,79,66,70,68,74,74,88,76,71,23.32,1
34,79,8500000,87,77,72,85,80,81,68,79,86,25.36,2
28,73,3100000,74,78,74,67,70,75,68,78,64,22.84,2
30,77,10500000,78,67,75,75,78,81,80,77,73,23.3,7
30,76,7500000,75,77,67,78,75,75,77,84,73,22.55,0
31,77,9000000,79,76,68,76,83,79,84,74,76,20.2,1
23,85,28000000,77,77,75,70,80,80,83,78,70,22.02,0
25,80,10500000,80,78,62,76,68,73,80,73,80,20.02,0
30,80,20500000,84,71,73,84,76,79,77,83,82,23.1,2
30,74,4100000,75,82,67,75,71,73,75,76,54,22.15,0
24,85,37500000,82,89,72,73,76,80,89,79,77,20.3,2
30,74,4100000,72,71,70,78,80,75,74,77,70,26.75,6
35,83,15500000,85,83,77,77,78,86,67,86,67,21.48,7
22,85,17000000,75,73,74,67,72,75,83,83,74,23.16,0
25,83,21000000,80,81,70,64,75,76,89,75,60,21.6,0
22,87,43000000,85,78,69,75,74,77,92,78,75,22.79,2
25,81,11000000,77,75,73,69,73,76,79,80,72,25.22,2
30,75,5500000,73,74,75,71,79,77,79,76,67,24.52,2
27,82,30000000,88,84,71,82,78,77,78,81,77,25.64,0
29,71,2400000,66,73,71,75,68,70,71,79,70,22.64,7
27,77,11500000,78,73,67,76,75,72,78,88,69,24.05,2
36,78,4800000,81,66,77,76,78,78,66,82,65,26.33,1
22,78,3800000,74,68,71,59,69,75,74,76,68,24.54,7
27,76,8000000,79,73,70,65,71,70,80,74,73,23.72,0
38,81,5000000,82,91,74,80,74,80,60,82,86,23.55,6
37,79,3700000,83,67,73,77,82,83,66,79,88,22.53,1
29,79,17500000,82,78,72,71,78,79,83,77,83,20.37,2
23,77,2900000,72,77,73,59,66,71,62,72,62,21.8,0
30,79,17000000,83,74,71,75,76,77,87,79,70,23.11,2
22,83,9500000,77,68,67,65,72,75,85,69,62,24.49,1
26,71,1900000,66,67,72,56,70,72,74,76,62,18.37,2
23,86,23500000,83,65,66,71,74,72,86,78,72,21.62,2
30,74,4100000,73,75,69,70,69,73,83,74,68,22.02,0
38,75,1900000,77,77,75,75,72,77,63,80,85,24.44,0
30,76,7500000,78,55,76,70,77,78,72,82,75,26.47,0
28,79,18000000,82,85,68,78,74,78,67,80,68,23.77,2
32,76,6000000,80,77,70,77,72,75,68,85,73,23.82,1
29,75,5500000,71,71,71,70,76,75,85,75,72,21.8,2
25,80,14000000,79,69,74,69,78,77,83,78,73,21.2,2
29,77,10500000,75,75,72,76,80,80,75,77,74,24.22,2
32,72,2400000,69,75,72,76,71,75,71,77,77,24.54,7
33,78,9000000,83,81,69,74,72,74,73,78,83,24.62,7
24,81,11500000,76,63,70,70,73,75,84,86,69,22.09,2
33,74,2700000,77,70,68,67,76,76,77,70,72,22.2,1
24,82,20500000,82,67,77,77,79,78,74,81,70,23.96,7
24,82,16000000,80,73,74,76,68,78,76,78,80,23.05,7
27,81,24500000,82,85,74,83,74,79,73,81,88,22.71,2
25,76,4100000,74,73,67,55,67,68,82,78,74,27.16,2
25,80,10500000,77,77,66,73,76,69,91,78,64,22.86,7
28,76,7500000,78,79,71,68,73,75,82,79,65,25.54,1
30,74,5500000,73,72,68,75,69,75,76,75,68,25.61,7
30,73,2900000,77,57,69,69,74,69,89,89,65,22.99,6
26,72,2600000,73,64,72,67,70,71,74,72,77,20.75,2
25,80,14000000,78,75,75,72,70,77,83,77,67,21.66,2
36,73,1000000,74,66,77,84,75,75,63,90,83,26.28,6
34,75,2600000,77,65,73,67,80,77,78,85,70,24.84,7
29,70,1600000,70,59,64,64,71,71,81,74,62,22.66,2
28,70,1300000,62,72,68,60,67,68,66,83,63,24.28,5
31,75,4800000,76,79,72,76,69,77,55,82,80,24.28,0
24,80,8500000,78,69,71,66,77,74,74,78,76,25.82,2
31,76,6500000,76,69,75,76,75,74,81,80,73,23.99,2
31,76,6000000,78,69,77,74,81,80,66,82,85,22.99,6
27,78,15000000,74,76,79,77,79,79,82,79,65,21.67,7
35,78,6000000,80,84,76,80,73,80,54,78,81,22.98,2
28,83,37000000,87,85,76,85,76,80,68,85,82,22.89,7
28,79,18000000,81,70,74,74,81,83,76,81,76,23.74,2
36,77,3600000,82,78,79,80,73,82,52,78,79,22.84,1
21,82,7000000,75,59,67,73,75,73,91,75,71,22.39,0
27,78,15000000,82,75,72,69,70,78,75,80,74,20.75,0
29,74,4200000,72,63,71,74,74,76,78,77,78,21.91,7
30,74,4100000,74,56,74,80,80,78,67,77,69,23.29,5
33,72,1500000,71,74,70,78,72,74,63,77,82,24.16,6
34,77,5000000,79,78,74,72,75,79,62,78,74,21.33,2
27,74,3600000,74,68,71,72,70,72,74,70,71,21.85,2
32,74,3400000,77,68,70,77,80,76,78,79,73,24.22,1
28,76,7500000,78,71,67,73,74,75,77,77,66,23.96,2
24,84,21500000,81,78,72,77,71,74,72,82,75,23.85,2
24,81,15500000,78,69,78,68,76,77,84,78,66,21.56,7
28,83,37000000,87,92,76,83,65,79,66,86,71,21.64,0
30,73,3000000,73,69,67,66,73,69,79,80,74,22.09,1
32,69,1100000,74,79,69,77,66,72,44,80,72,23.96,7
31,74,3600000,74,75,74,74,70,75,69,74,75,22.89,7
26,74,4600000,69,69,76,61,73,72,91,82,72,25.08,0
30,77,10500000,75,83,66,74,75,77,84,75,75,23.45,2
28,80,21500000,85,77,69,73,76,79,89,84,79,23.88,2
31,74,3600000,74,76,64,70,74,72,80,78,69,22.15,1
33,73,1900000,73,79,67,70,66,69,77,75,75,23.08,2
34,74,2100000,74,75,74,70,75,78,72,75,69,21.98,1
26,75,3100000,72,67,70,61,75,74,79,76,69,23.46,1
23,79,10000000,78,68,69,74,81,77,84,81,71,24.38,2
29,73,3000000,71,66,66,69,78,73,78,78,44,24.33,2
26,74,2900000,76,68,73,67,72,73,69,74,74,21.22,0
25,82,23500000,81,80,77,74,80,83,70,77,65,23.3,7
23,84,27000000,82,79,72,83,78,80,76,82,66,25.66,7
31,77,9000000,77,74,80,79,79,81,65,82,78,23.59,6
24,85,32000000,84,87,73,75,72,77,66,81,72,24.28,1
25,81,15000000,80,75,73,73,76,79,72,76,79,23.45,2
21,86,45000000,83,77,79,83,79,82,85,84,75,20.89,1
25,76,3300000,73,79,55,70,68,54,81,83,71,23.96,0
31,76,6500000,77,73,70,70,76,76,77,88,71,25.25,6
29,75,5500000,75,68,72,73,77,76,81,77,81,24.22,6
35,77,4100000,77,68,76,72,82,78,67,77,80,23.78,7
21,79,21000000,81,76,74,76,82,81,80,75,74,23.57,2
33,74,3500000,73,74,68,80,71,72,77,76,75,25.0,2
28,70,1600000,70,68,68,70,70,70,66,74,74,23.77,2
33,76,4800000,77,78,75,76,70,74,49,81,77,23.48,0
22,81,9000000,78,69,70,64,75,70,81,73,70,23.57,2
32,75,4600000,78,71,70,76,75,74,68,81,75,21.8,3
29,79,17500000,81,87,68,74,69,77,68,81,81,25.22,1
29,81,25500000,85,83,73,82,75,74,82,85,77,23.48,1
31,72,1900000,73,71,73,73,70,73,76,78,72,24.69,1
37,70,475000,72,91,67,82,65,68,57,74,67,20.2,1
34,72,1100000,74,67,66,70,68,70,70,79,74,24.97,1
30,77,10500000,79,77,63,71,64,66,88,80,71,24.78,0
23,83,17000000,79,80,69,68,84,83,88,69,79,22.22,2
31,74,3600000,77,70,68,72,72,69,75,78,75,22.88,2
30,72,2300000,69,73,68,65,71,71,78,71,66,24.07,0
33,71,1200000,70,76,70,70,70,69,63,76,72,23.12,2
29,72,2300000,71,71,72,75,69,73,71,79,71,22.22,1
30,83,35500000,88,83,74,79,79,82,81,86,70,24.64,2
31,68,1000000,64,64,71,57,69,68,77,77,60,23.66,0
35,74,1800000,75,64,69,67,75,74,80,77,64,24.22,2
33,71,1200000,70,71,68,68,73,73,74,75,67,22.64,2
33,76,4700000,77,75,76,77,85,85,59,76,87,23.08,6
29,72,2300000,73,71,68,65,68,71,83,85,69,25.56,2
26,75,3800000,70,74,69,69,78,81,72,81,72,21.22,6
27,75,6000000,76,73,74,70,78,79,76,82,66,24.15,6
22,84,12500000,80,65,70,65,84,77,89,70,81,22.12,2
33,73,1900000,74,73,73,65,72,75,71,73,71,24.9,2
29,67,1000000,66,54,64,62,67,66,71,75,59,23.81,0
22,84,11500000,76,84,67,71,73,74,79,73,55,22.84,6
26,75,6000000,75,78,67,71,76,74,73,78,76,21.98,2
38,78,4800000,82,69,77,85,79,82,63,84,85,24.38,7
35,73,1300000,72,65,68,66,78,72,85,75,70,21.14,2
35,78,6000000,80,83,74,79,72,74,60,84,80,24.86,6
26,75,3100000,72,64,69,73,74,72,81,76,65,22.65,5
31,75,4800000,74,69,75,70,74,78,78,76,74,23.51,1
26,67,1000000,64,70,68,61,64,66,58,69,60,21.05,2
30,74,4100000,75,77,69,72,72,73,65,79,85,23.29,1
34,79,8500000,82,90,75,82,69,81,43,84,90,24.43,7
31,77,9000000,76,82,73,75,70,72,71,85,65,24.86,6
24,82,20500000,80,81,72,72,73,74,81,82,76,23.59,6
24,86,44000000,89,84,69,76,84,79,81,83,67,22.07,0
26,77,9000000,77,72,73,67,78,78,77,84,80,25.46,7
27,71,1900000,70,57,64,64,69,70,81,72,69,24.49,2
21,81,8500000,73,67,71,71,75,75,88,70,60,19.71,2
24,81,9000000,75,73,74,74,77,76,67,85,80,22.31,2
25,79,6500000,74,72,63,65,81,78,73,73,66,23.59,1
30,77,10500000,76,82,65,76,76,78,82,80,75,23.63,7
29,74,4200000,74,76,64,69,71,70,78,76,71,24.42,6
32,77,8500000,79,83,67,67,71,73,78,78,72,22.16,6
27,76,6500000,75,65,70,64,79,74,84,80,68,27.47,1
27,66,925000,65,62,65,63,67,66,63,72,70,23.99,7
31,71,1600000,70,70,64,68,69,67,69,69,71,21.88,2
23,80,8500000,77,70,74,68,74,76,80,78,73,22.84,2
30,73,3000000,79,55,68,65,75,71,80,78,68,22.74,1
29,65,700000,64,70,67,64,63,60,68,71,67,22.94,2
33,67,625000,70,70,66,62,64,68,66,68,50,22.99,0
23,83,25500000,80,74,79,78,78,79,76,86,78,24.02,2
28,72,2400000,71,61,67,67,73,73,86,77,59,25.8,0
25,72,2300000,67,68,60,59,74,73,90,67,59,23.67,2
22,81,8500000,73,63,71,66,76,78,86,76,81,23.37,7
35,72,1000000,72,73,75,71,71,71,63,72,72,25.64,2
35,79,7500000,82,84,75,83,72,80,64,84,83,24.86,1
29,73,3000000,74,69,68,69,74,72,74,75,68,22.53,1
29,76,7500000,79,78,73,74,76,77,67,76,63,23.29,7
34,74,2100000,77,76,66,67,68,74,73,75,74,23.67,7
31,75,4800000,76,67,70,72,75,76,92,65,82,23.1,1
23,79,6500000,73,74,64,66,76,74,85,78,56,21.55,6
33,68,550000,60,74,66,63,65,61,68,69,66,21.74,5
30,77,10500000,82,74,72,73,79,76,75,80,59,25.31,6
33,75,4200000,76,61,74,73,79,78,69,77,75,23.99,2
34,76,4100000,76,78,67,70,75,71,71,80,83,24.62,1
31,74,3600000,75,76,69,76,73,74,69,78,78,24.54,2
29,81,25500000,85,82,71,72,78,77,76,79,87,23.33,7
30,74,4100000,73,71,68,66,77,78,82,76,67,21.61,6
25,73,2800000,70,62,62,65,73,72,85,74,65,24.06,2
29,74,4200000,73,73,71,59,73,68,85,76,63,21.78,1
34,71,900000,73,71,65,67,69,71,79,73,77,23.66,0
26,72,2200000,70,62,62,61,70,70,80,75,65,24.16,7
34,70,775000,69,82,65,71,66,72,52,70,68,21.15,5
28,80,21500000,82,80,73,71,74,79,69,83,79,24.59,2
25,76,6500000,77,70,69,68,79,76,80,73,70,23.32,7
33,81,16500000,86,77,75,83,79,81,59,85,70,25.73,2
33,69,875000,64,55,64,61,73,73,74,79,59,22.65,1
32,76,6000000,79,87,70,68,63,75,65,80,72,24.21,1
35,68,525000,66,67,59,55,59,63,77,77,67,23.45,0
27,76,6500000,72,72,72,63,67,73,75,82,81,23.33,0
23,71,1100000,65,62,67,61,64,60,73,67,64,22.49,2
26,74,3600000,70,65,63,64,75,72,91,87,61,21.13,6
30,75,5500000,76,69,72,78,73,74,71,83,69,24.59,0
35,70,675000,69,69,65,68,66,68,67,68,67,22.74,5
33,72,1500000,75,70,72,63,73,74,69,73,67,23.37,0
23,73,1000000,66,65,68,68,68,64,65,74,68,22.99,7
32,67,825000,66,77,65,66,67,66,65,65,71,21.74,0
31,78,9500000,80,76,72,78,77,80,77,76,76,23.63,2
27,72,2500000,71,66,73,71,72,73,85,75,56,23.45,7
31,67,850000,70,69,66,58,61,65,70,77,72,23.55,5
30,73,3000000,73,70,72,66,74,72,76,72,72,26.49,0
30,71,1800000,71,68,67,65,71,72,75,68,69,23.67,2
29,70,1600000,70,68,59,74,70,67,71,77,68,23.63,2
28,71,1900000,70,71,66,67,71,70,76,72,70,23.57,2
32,76,6000000,74,75,75,74,81,78,73,78,68,24.67,2
31,67,675000,66,72,66,60,67,67,61,75,66,22.99,2
33,74,2700000,73,81,69,76,66,76,50,86,82,26.87,2
29,70,1600000,69,68,66,59,70,68,81,74,67,23.99,0
31,68,1000000,62,65,64,68,68,66,66,79,61,25.66,7
31,72,2000000,72,66,71,72,73,74,78,74,75,24.97,1
34,71,900000,71,70,70,60,73,72,68,71,78,23.7,2
33,70,1000000,73,72,65,68,65,68,64,74,75,25.64,0
28,70,1600000,70,74,71,66,72,72,67,75,67,22.07,2
32,73,2500000,73,69,70,72,75,75,73,80,72,23.04,2
32,72,1900000,72,77,71,73,69,73,68,74,72,23.62,2
21,86,32000000,80,72,78,71,79,78,87,75,75,24.58,0
25,81,15000000,82,79,71,79,69,73,80,78,79,26.09,2
35,70,675000,68,74,72,73,71,70,56,72,70,23.12,7
33,78,9000000,81,78,65,72,73,76,65,75,73,23.84,6
35,78,4800000,79,78,74,77,75,78,59,82,76,23.72,0
35,72,1000000,70,74,66,70,64,71,70,80,73,22.55,7
22,80,6000000,76,73,60,63,72,72,76,74,65,23.7,2
31,78,9500000,83,73,69,78,73,78,73,82,83,23.57,1
33,72,1500000,79,72,63,71,64,68,57,82,79,24.69,0
35,66,350000,61,71,68,63,65,65,65,74,72,21.91,0
21,73,3600000,75,81,71,70,61,72,53,80,79,24.03,7
23,79,6500000,73,75,72,70,70,70,77,81,77,23.67,0
27,76,6500000,79,64,60,79,69,68,83,82,69,24.15,2
27,72,2200000,74,65,64,67,68,68,77,72,68,21.22,2
29,75,5500000,75,66,63,65,77,72,85,80,70,24.33,2
35,72,1000000,75,72,68,74,68,71,65,77,87,22.96,7
34,78,7000000,84,71,70,80,77,82,71,79,69,22.99,2
33,73,1900000,72,72,76,71,76,77,66,72,78,22.1,5
31,76,6500000,77,81,79,80,73,77,54,76,71,23.5,0
24,78,6000000,70,75,75,65,75,74,77,81,61,23.41,7
27,75,6000000,77,72,66,75,72,73,85,78,65,21.33,2
32,76,6000000,77,73,74,75,79,82,76,76,76,21.8,6
32,68,700000,68,60,65,70,70,72,75,79,61,25.25,2
30,72,2300000,73,70,62,55,68,67,83,76,71,23.77,2
35,69,475000,67,83,64,75,61,67,47,72,72,24.81,5
35,74,1800000,80,78,75,79,68,73,57,78,83,23.48,6
26,71,1700000,70,60,61,64,72,74,89,67,71,25.77,2
34,77,4700000,76,77,75,77,80,77,70,81,74,22.84,7
30,73,3000000,75,75,66,68,72,72,75,76,68,21.33,0
29,72,2300000,74,81,63,72,72,71,76,68,72,21.16,7
20,86,5500000,73,74,70,64,69,70,79,70,57,23.33,0
30,76,7500000,78,69,76,77,80,81,75,85,91,26.04,6
23,75,2400000,71,74,65,71,66,72,87,73,60,22.72,1
26,75,5000000,74,84,68,68,68,74,66,76,66,22.99,5
37,74,1400000,80,68,75,78,82,82,49,78,73,22.15,6
28,66,850000,67,64,65,53,66,68,73,68,66,23.24,0
29,70,1600000,72,68,69,66,66,69,76,70,69,23.04,2
31,78,12000000,83,81,78,78,75,79,61,81,70,22.84,2
28,74,4200000,77,63,73,71,79,75,79,72,60,23.04,2
21,72,2800000,76,65,55,72,77,75,76,83,71,22.79,7
22,84,21500000,82,67,68,73,74,76,94,76,75,21.2,7
32,67,825000,69,70,64,73,64,65,66,65,80,23.33,7
29,74,4200000,75,75,72,70,77,76,65,80,67,23.33,2
31,70,1300000,74,65,68,68,67,73,60,72,65,23.62,0
25,76,7000000,74,70,59,70,68,74,87,68,73,24.22,2
26,79,10000000,76,74,73,70,76,77,84,80,65,25.2,2
34,74,3000000,73,73,67,67,69,72,70,79,62,23.41,2
36,71,650000,72,73,70,75,74,73,66,75,80,23.95,2
23,85,23500000,79,78,74,76,73,76,72,78,75,25.73,2
34,74,2100000,75,75,69,71,71,73,64,79,76,23.96,7
25,76,3300000,74,78,68,70,68,68,70,69,72,22.64,2
30,73,3000000,73,74,74,69,72,73,64,76,68,22.99,7
31,70,1300000,72,68,64,68,67,70,73,69,68,23.88,2
31,71,2100000,66,71,69,67,65,64,85,68,80,25.28,6
29,73,3000000,73,75,72,76,72,73,57,82,80,23.37,2
25,79,6500000,75,74,73,67,73,77,74,74,69,22.28,2
35,73,1300000,73,70,75,74,74,81,52,70,67,25.85,1
27,80,20500000,83,85,73,73,73,78,76,78,84,23.02,2
22,79,4800000,70,71,71,64,73,74,73,73,76,22.71,2
29,73,3000000,71,72,70,74,72,74,74,78,80,23.96,7
31,73,2600000,78,73,62,68,72,73,50,77,69,23.63,0
30,69,1400000,65,73,67,64,71,70,64,75,64,23.2,2
30,73,3000000,77,67,68,72,72,76,69,73,66,21.85,0
27,70,1700000,68,70,70,71,70,68,74,74,74,24.19,7
20,85,16500000,78,61,68,72,75,75,88,77,66,20.01,2
24,75,2700000,73,68,66,67,66,68,74,72,67,23.77,0
35,73,1300000,73,80,66,68,71,70,73,75,74,23.57,6
31,69,1200000,70,72,71,70,70,73,54,71,71,24.97,2
26,79,10000000,77,69,69,72,77,75,78,87,75,23.48,1
27,70,1600000,65,67,66,66,70,70,77,72,81,24.62,2
31,69,1200000,68,69,67,77,66,67,64,77,74,22.99,7
23,75,2400000,71,66,70,74,70,70,82,74,71,25.14,7
29,75,5500000,79,66,72,72,77,79,66,82,72,22.89,6
26,76,6500000,76,82,64,78,77,76,51,77,79,23.33,7
35,73,1300000,75,74,74,72,72,74,54,78,79,22.28,6
33,68,775000,71,58,65,73,66,70,68,73,65,24.3,2
28,74,4300000,76,69,74,62,79,76,74,77,62,21.27,6
29,74,4200000,76,70,69,74,71,77,78,78,66,21.33,2
28,74,4300000,74,84,58,68,68,72,79,77,67,21.61,2
21,78,17000000,86,91,66,70,69,70,70,87,56,24.31,0
34,72,1100000,68,76,64,67,74,71,80,73,72,22.09,0
27,72,2500000,75,72,65,67,68,72,65,81,83,25.28,0
24,80,6500000,76,75,65,67,74,73,76,76,66,24.69,7
27,72,2500000,71,73,74,75,71,73,65,79,64,24.43,6
31,65,475000,62,65,59,62,65,66,75,72,48,23.15,0
34,75,2700000,77,74,72,70,72,73,71,75,70,21.86,1
32,73,2500000,73,73,66,72,68,69,75,79,73,22.44,6
31,70,1300000,71,70,70,70,66,73,63,66,71,22.28,7
31,71,2100000,71,82,70,77,69,71,63,81,70,21.8,5
26,71,1900000,68,63,70,66,69,69,93,70,72,23.89,7
28,69,1400000,64,74,65,60,67,69,88,73,75,24.22,2
31,73,2600000,76,81,70,70,63,66,70,74,85,23.12,0
32,72,1900000,70,74,73,72,70,69,63,79,64,22.88,0
26,71,2100000,72,65,66,66,73,70,74,75,64,22.94,6
32,70,1300000,73,67,72,76,64,74,51,72,74,23.59,2
32,79,14000000,84,75,65,73,79,79,70,79,76,23.08,2
24,78,4700000,78,68,62,60,74,72,87,82,68,22.72,1
31,72,2000000,72,69,62,77,69,70,76,74,76,23.92,7
26,73,3400000,76,72,70,62,67,72,66,78,76,23.82,0
31,68,1000000,65,75,66,57,67,70,75,82,61,25.11,2
28,70,1600000,72,57,68,67,73,71,75,81,54,24.05,2
31,69,1200000,68,71,68,63,63,61,66,79,71,26.2,7
28,70,1600000,69,63,66,72,66,74,83,72,62,20.6,2
22,72,1600000,69,66,68,68,66,68,65,72,52,21.21,5
27,70,1700000,67,76,68,62,67,70,78,73,64,20.78,7
32,71,1500000,73,72,61,63,67,67,72,75,67,24.54,7
29,74,4200000,77,78,64,75,66,68,79,75,75,24.49,1
31,71,1600000,71,74,71,67,77,77,53,71,68,21.43,7
23,72,1500000,67,65,68,58,70,71,65,70,66,23.15,2
29,74,4200000,74,81,69,66,68,72,75,72,67,22.64,2
27,66,925000,63,55,65,55,65,65,75,70,62,23.36,0
28,78,14500000,83,85,69,80,73,78,60,79,77,23.04,2
24,75,2700000,68,72,67,68,67,68,81,70,55,23.59,0
33,75,4200000,77,84,73,76,65,69,53,78,81,22.2,2
21,68,1400000,67,64,69,68,68,70,67,75,68,21.73,7
29,73,3000000,73,66,60,68,70,67,88,77,68,22.63,0
33,70,1000000,68,67,62,69,65,65,69,81,66,22.6,7
27,63,450000,58,63,62,51,61,63,67,61,63,24.69,0
27,72,2200000,65,60,69,70,72,74,72,84,69,25.42,2
24,73,2400000,74,60,68,65,69,71,75,73,69,19.87,2
33,66,550000,67,70,58,66,62,64,63,68,69,23.36,2
26,73,2100000,71,59,61,67,73,69,76,74,69,23.18,1
27,75,7000000,75,68,67,72,70,72,79,73,76,21.33,6
32,65,575000,59,68,59,64,58,59,74,75,69,22.86,0
23,78,3700000,75,62,66,65,73,72,87,73,74,21.13,7
34,77,5000000,78,75,68,77,76,77,65,78,80,23.5,6
29,68,1200000,66,72,64,64,68,67,77,72,65,23.36,2
28,75,6000000,76,80,67,71,70,74,64,79,78,23.24,2
26,79,10000000,78,78,76,66,78,80,66,80,80,23.55,7
31,76,6500000,76,83,70,78,77,76,55,81,75,22.71,2
33,73,1900000,76,81,67,75,69,70,63,73,78,24.02,6
33,73,1900000,75,70,69,72,72,73,75,71,73,22.98,2
23,81,8500000,76,81,64,65,69,73,72,80,64,22.79,7
24,81,9000000,80,74,69,69,73,74,74,79,61,23.04,1
20,82,3800000,72,64,68,60,64,69,85,69,65,21.38,2
27,73,2700000,74,71,70,65,73,70,76,73,62,24.81,7
31,70,1300000,77,71,64,70,60,70,62,74,65,23.59,2
29,72,2300000,75,64,64,70,72,73,80,71,70,23.25,1
21,82,4200000,71,66,66,65,70,71,73,75,58,23.08,0
35,73,1800000,70,76,70,68,65,75,58,76,75,26.31,7
28,78,14500000,80,79,68,79,73,75,79,79,74,24.9,2
30,74,5500000,72,70,69,71,73,72,83,80,66,25.66,1
26,71,1900000,71,67,66,62,73,69,75,82,67,23.12,2
34,70,775000,70,73,65,66,68,70,68,74,74,23.46,7
30,69,1400000,69,77,69,72,67,68,67,74,69,23.2,0
31,76,6500000,81,63,71,74,73,77,74,75,73,24.69,0
29,75,5500000,83,70,67,57,75,70,88,75,75,25.25,2
30,71,2300000,70,64,65,67,69,70,87,72,73,22.84,1
33,75,3600000,79,77,74,74,73,76,67,77,70,22.59,1
30,68,1200000,66,70,66,67,70,69,72,72,72,23.3,3
33,71,1200000,71,83,69,71,69,71,37,75,73,25.18,7
30,74,4100000,79,79,60,78,66,72,65,78,80,22.88,2
37,72,800000,71,72,75,65,67,77,55,70,63,22.34,1
32,71,1500000,72,64,70,70,72,70,75,76,72,23.77,7
31,72,2000000,75,78,65,73,68,74,60,78,76,24.82,7
23,77,3600000,73,51,68,65,75,77,90,73,60,22.39,2
22,79,4200000,71,63,67,67,75,71,82,72,68,21.22,2
29,71,1900000,72,71,70,69,66,71,67,73,67,24.1,2
28,74,4300000,74,74,68,64,69,69,78,76,68,21.62,6
37,71,650000,75,71,64,62,68,69,75,68,76,23.59,7
30,72,2300000,77,68,64,68,64,69,61,78,70,24.86,7
23,80,6000000,74,74,68,70,65,73,76,81,73,25.7,2
27,68,1300000,64,61,64,63,72,71,88,71,62,23.81,1
33,67,625000,68,53,59,60,65,66,83,73,66,23.78,1
39,73,1000000,79,72,69,65,70,74,55,73,78,25.88,1
23,72,1400000,60,64,62,57,66,65,84,70,50,23.67,2
27,73,3300000,76,72,70,73,64,72,69,74,70,22.35,2
31,77,9000000,81,81,78,74,75,78,54,78,74,21.7,7
25,76,2800000,73,69,64,65,74,70,82,66,67,24.24,1
30,72,2300000,74,73,68,69,65,70,55,73,71,23.2,7
21,78,3200000,68,61,64,64,70,67,76,78,58,23.2,2
24,80,8500000,76,78,72,69,73,72,72,80,74,22.35,1
20,82,5000000,70,62,69,64,81,73,79,72,55,23.2,7
25,74,2900000,72,72,68,52,75,75,78,72,72,24.38,2
29,77,9000000,79,68,72,72,76,78,74,82,75,23.46,6
33,69,900000,65,67,69,65,73,71,69,70,66,24.62,1
23,78,4700000,71,60,66,73,75,74,85,75,70,21.22,2
31,66,700000,64,66,60,65,68,68,76,71,55,23.59,2
26,69,1200000,66,57,69,62,70,70,81,73,60,21.22,2
38,68,250000,68,70,65,70,64,64,65,70,62,22.41,0
24,69,800000,62,66,63,54,65,64,72,63,70,21.88,7
31,72,2000000,73,70,62,66,73,72,64,77,75,22.31,2
32,70,1300000,71,65,70,73,67,69,65,74,67,21.06,7
31,76,6500000,81,80,69,70,68,75,52,79,64,24.9,6
34,70,775000,76,66,63,70,67,70,62,73,85,22.53,1
23,76,3400000,71,55,67,59,75,67,87,77,61,23.33,0
29,74,4200000,75,75,59,54,65,74,77,78,60,24.93,1
30,69,1400000,67,48,71,63,69,70,71,75,62,22.94,7
28,68,1200000,68,60,65,68,69,69,72,73,67,23.39,2
22,82,9500000,81,73,71,60,75,72,74,59,65,22.72,2
23,80,6500000,74,67,74,73,74,76,75,72,71,23.77,1
28,70,1600000,71,69,65,70,66,64,83,69,72,23.96,0
26,63,475000,61,57,57,56,62,61,79,62,58,22.09,5
31,73,2600000,75,72,63,65,67,71,73,76,76,22.5,7
31,68,1000000,71,66,58,72,66,70,64,73,71,24.03,7
29,72,2300000,75,60,63,73,70,77,74,78,69,23.46,6
24,73,1600000,70,55,64,67,69,68,77,72,59,24.45,2
23,77,3000000,72,68,71,70,73,76,65,72,66,22.4,0
25,71,1900000,68,55,67,63,65,67,86,78,49,23.89,2
34,78,7000000,82,69,78,73,78,77,79,75,70,23.89,2
33,72,1500000,72,76,67,73,70,73,67,75,70,22.5,7
34,75,2700000,83,73,66,74,70,76,79,76,69,21.45,1
23,82,16000000,82,86,74,68,74,78,58,74,41,22.5,7
33,71,1200000,72,77,70,73,62,69,74,71,63,25.4,7
34,74,2100000,77,78,66,75,65,75,46,82,63,23.16,2
26,75,5000000,79,80,73,69,63,73,67,74,82,23.33,2
34,74,2100000,75,86,69,79,61,72,48,78,79,23.91,2
31,73,2600000,74,72,67,75,72,74,74,74,71,21.78,1
26,79,10000000,81,77,64,74,70,75,78,78,73,22.99,7
28,70,1600000,70,73,61,67,67,67,77,74,76,25.22,6
29,72,3100000,72,66,62,49,67,65,82,78,54,23.55,1
26,70,1700000,67,71,67,73,71,67,83,81,71,21.98,2
30,74,3600000,74,82,69,77,71,74,37,75,64,22.31,7
29,74,4200000,75,78,60,71,70,73,74,74,64,21.79,0
23,81,11500000,75,70,71,68,79,74,89,73,59,21.43,7
28,72,3200000,71,74,61,69,69,70,68,79,73,23.04,2
37,75,1900000,78,77,62,77,76,75,78,76,64,21.91,2
36,68,400000,73,66,59,68,64,65,73,70,73,24.16,2
30,70,1600000,70,72,63,67,65,68,66,71,72,24.33,0
30,70,1600000,68,54,67,72,70,72,77,73,55,21.14,2
34,68,575000,68,74,68,68,66,58,55,79,65,27.17,6
37,74,1600000,80,60,69,76,74,78,58,78,75,22.53,6
23,79,6500000,76,71,71,64,72,69,77,78,68,25.38,2
24,76,2500000,68,61,63,67,75,74,79,82,70,20.15,2
22,75,2300000,66,53,64,65,67,66,85,74,60,24.06,0
31,71,1600000,73,73,66,70,66,66,67,78,71,23.59,6
30,69,1400000,68,71,65,73,65,65,66,73,70,23.33,7
21,81,4200000,74,72,63,58,66,65,74,74,63,22.21,7
23,75,2400000,72,67,62,68,71,68,80,75,68,24.49,7
31,72,2000000,79,70,66,66,70,70,65,68,72,22.64,2
25,74,2200000,73,64,66,69,72,70,80,72,63,24.38,2
26,74,2500000,70,74,67,73,69,75,80,72,65,21.05,2
28,72,2400000,75,61,64,68,69,64,91,78,66,24.93,2
29,71,1900000,71,75,70,66,66,68,68,77,79,23.08,0
33,71,1200000,72,71,66,67,67,69,55,77,65,24.25,7
29,69,1400000,70,56,65,63,69,67,84,68,66,24.73,2
26,77,5500000,82,65,63,72,69,73,73,75,66,22.88,2
36,70,550000,72,73,64,66,67,69,55,77,70,23.77,1
26,75,5000000,75,76,65,64,65,71,85,77,71,25.22,1
29,71,1900000,73,70,65,69,70,70,80,74,76,22.84,1
23,77,4400000,75,63,74,77,73,74,73,78,72,22.21,0
31,65,600000,64,63,66,62,62,65,56,70,69,24.62,7
22,79,6500000,76,65,66,60,76,75,83,79,66,25.59,2
31,64,400000,58,63,64,62,61,61,75,65,63,23.53,2
32,75,4600000,81,79,64,83,62,70,53,79,77,23.2,5
28,66,875000,68,61,64,42,68,65,73,72,48,20.68,2
28,67,1000000,66,69,64,68,66,64,67,72,77,23.29,7
25,75,2400000,74,64,58,69,69,68,85,73,65,20.81,1
31,69,1200000,69,62,65,69,69,69,69,71,66,23.46,6
35,68,525000,74,57,60,69,66,68,65,75,72,22.99,7
30,64,550000,64,66,64,45,61,64,64,69,51,24.05,0
21,85,29000000,83,75,68,68,74,80,76,78,74,20.78,7
36,71,650000,75,76,65,67,66,69,60,75,65,25.06,6
32,74,4500000,71,77,67,74,72,72,71,78,72,24.69,6
30,71,1800000,70,72,67,67,68,68,70,76,69,24.02,2
30,67,1000000,65,65,59,66,70,68,82,70,72,21.62,1
30,68,1200000,68,72,63,57,62,64,68,74,66,26.03,2
26,73,2800000,77,70,67,59,74,73,74,70,70,24.62,7
28,68,1200000,70,72,63,65,62,67,64,71,63,22.63,2
23,81,8500000,76,68,69,67,72,73,68,80,63,23.37,7
35,69,600000,70,72,68,60,69,74,53,72,73,22.63,2
32,73,2500000,76,68,70,78,72,74,55,76,85,23.63,7
37,70,550000,73,82,70,73,67,69,38,72,78,22.82,6
21,83,9500000,76,64,73,71,74,75,75,75,64,22.04,2
21,79,4200000,73,65,67,68,71,72,72,70,74,22.89,7
24,75,2400000,68,68,70,65,69,68,75,70,70,22.99,2
28,72,2400000,73,43,74,42,68,74,76,65,58,24.51,7
38,71,650000,75,70,63,75,70,69,67,70,73,22.55,2
31,73,2600000,76,76,65,73,68,71,65,80,66,30.02,1
25,67,900000,64,62,60,60,64,64,76,67,67,22.46,2
24,83,17000000,80,74,68,67,77,77,78,79,77,23.15,2
30,73,3000000,75,68,64,70,71,73,75,76,73,25.76,6
34,70,775000,71,78,66,68,67,70,53,71,71,23.82,7
23,78,4700000,73,69,69,70,74,74,75,73,70,22.88,2
34,72,1100000,76,73,67,71,70,72,73,71,70,23.41,1
33,68,775000,66,72,64,65,66,68,66,77,73,22.63,3
26,69,1400000,71,47,64,65,66,65,90,75,58,22.74,1
33,64,275000,62,62,60,58,62,61,61,65,67,23.72,0
31,73,2600000,75,79,70,81,73,74,58,76,78,25.46,6
25,71,1800000,69,74,57,71,68,65,72,76,60,20.13,0
28,73,3100000,74,68,70,71,76,74,69,75,64,22.21,6
29,72,2300000,77,80,65,69,66,74,54,69,67,24.62,1
29,71,1900000,75,69,65,76,68,77,66,73,67,22.66,7
35,72,1000000,79,76,66,74,58,71,52,72,75,22.86,5
26,76,6500000,76,80,70,73,66,76,69,82,73,25.2,7
28,71,1900000,71,71,67,68,72,72,76,73,61,23.08,7
33,67,625000,66,67,63,65,69,64,75,75,66,22.5,7
26,76,4000000,76,63,66,62,75,74,80,74,61,23.67,7
19,82,9000000,73,67,69,63,74,76,76,73,70,21.8,2
27,69,1500000,67,70,69,54,70,69,69,70,68,26.31,6
30,67,1000000,67,67,62,64,65,65,66,74,64,22.22,5
30,72,2300000,75,74,68,74,69,74,60,74,78,23.89,1
30,75,5500000,76,85,66,76,64,77,56,81,71,22.99,6
25,80,8500000,79,75,74,70,78,79,73,79,73,20.81,7
32,74,3400000,77,82,69,69,69,72,55,75,75,23.2,2
30,67,1000000,70,63,61,65,66,67,72,69,69,23.85,6
34,68,475000,63,66,62,57,63,62,68,75,69,25.62,6
31,70,1600000,68,76,68,67,67,68,62,73,84,22.55,6
37,69,450000,75,75,74,78,73,73,43,76,71,22.12,6
27,74,4600000,76,70,68,66,74,74,74,80,68,24.49,7
32,70,1300000,75,75,64,71,63,64,56,76,69,23.12,7
28,75,6000000,77,77,65,72,71,72,82,77,70,22.94,2
28,71,1900000,77,67,65,70,66,72,68,78,70,24.72,7
24,75,4000000,74,70,68,60,68,71,89,70,70,23.96,7
23,86,31500000,82,80,77,77,72,77,77,78,74,22.65,7
27,67,1100000,69,67,66,59,68,68,63,69,60,27.41,7
31,69,1200000,71,59,67,66,72,71,73,73,72,24.78,2
35,74,2600000,73,85,68,74,67,71,62,76,79,22.24,7
28,72,2400000,71,76,60,69,69,70,72,77,68,26.87,0
27,69,1500000,70,57,62,61,67,67,91,71,68,23.96,7
21,75,1600000,67,59,68,59,62,67,66,70,60,22.6,5
26,73,2400000,70,77,64,75,69,65,81,75,68,22.32,2
20,75,2200000,68,60,62,57,72,66,85,73,59,22.55,2
21,88,10500000,76,69,77,65,77,79,73,71,76,23.32,1
28,66,875000,63,64,66,65,70,67,74,71,64,24.25,0
26,73,2800000,72,64,71,71,75,72,81,73,67,24.22,7
29,69,1000000,57,63,70,56,60,62,91,72,51,24.62,1
22,79,4900000,76,62,68,62,74,74,81,79,66,21.78,7
29,71,1900000,74,70,62,68,65,70,69,71,65,21.04,1
33,73,1900000,74,80,69,72,59,67,73,78,80,24.71,0
29,74,4200000,77,76,61,76,73,71,82,73,72,23.46,1
27,64,550000,62,65,57,64,62,60,81,64,61,24.06,2
38,69,475000,77,73,64,70,61,65,33,72,71,22.1,0
34,70,775000,74,74,66,71,63,66,63,74,81,23.85,2
35,65,300000,65,64,61,64,62,63,66,67,67,21.8,7
23,72,1800000,67,58,61,55,73,68,92,70,62,23.89,1
28,71,1900000,73,71,64,70,64,67,74,74,67,23.67,5
25,70,1800000,71,61,61,75,73,75,87,62,59,22.77,1
24,78,4700000,78,71,70,67,69,75,68,73,69,23.04,2
26,73,2400000,73,67,66,68,69,69,69,72,68,21.86,2
19,85,7500000,75,69,69,58,64,72,85,72,66,24.07,7
21,82,3900000,73,63,66,64,71,69,80,67,73,22.4,2
30,66,825000,66,68,66,67,66,72,73,73,64,23.77,2
32,68,975000,66,70,62,72,64,62,72,74,69,23.81,7
25,74,2200000,71,64,63,64,64,68,85,72,60,23.15,1
24,76,3400000,73,60,69,61,72,74,91,59,70,22.2,2
27,79,16500000,81,83,69,75,72,77,61,79,77,23.71,7
30,74,4100000,78,78,70,77,72,74,70,77,69,24.15,6
32,69,1100000,72,67,67,61,64,65,65,74,66,23.46,7
24,76,2900000,71,65,67,63,71,70,77,78,75,21.68,7
27,73,2700000,74,80,65,67,70,72,70,74,72,22.09,7
32,69,1100000,66,81,54,63,61,68,55,75,68,22.5,2
26,78,7500000,78,81,66,72,71,74,73,77,80,22.84,6
29,72,2300000,74,77,69,66,65,68,67,71,72,22.96,5
32,69,1100000,68,72,67,67,71,71,66,72,69,23.55,7
37,66,300000,68,68,60,67,64,65,52,65,73,22.72,6
26,78,12500000,83,83,63,67,66,75,71,77,70,23.99,1
21,77,2300000,65,62,70,62,68,71,76,73,45,21.37,5
36,73,1000000,81,73,67,80,58,72,51,78,62,23.99,7
31,65,600000,66,66,54,63,62,63,69,66,72,25.06,0
34,67,500000,68,68,57,68,62,65,67,70,65,24.84,7
20,84,4500000,72,73,70,63,60,72,77,67,74,20.83,2
29,66,850000,68,65,62,59,55,58,71,64,68,24.45,2
21,73,3600000,75,68,67,75,74,72,77,77,75,24.38,7
25,71,1800000,64,66,65,59,66,62,89,76,69,25.85,2
33,63,230000,61,63,51,62,59,66,74,68,68,23.6,2
34,71,900000,74,80,66,64,64,66,47,76,69,24.65,2
33,69,650000,67,63,66,73,69,75,68,72,73,22.22,6
39,77,3600000,81,80,78,81,71,76,39,87,79,20.37,7
31,65,600000,62,68,65,65,58,62,73,68,64,23.15,0
21,81,3600000,70,68,60,58,71,71,83,72,55,22.47,2
32,77,8500000,81,91,73,82,66,74,47,80,90,21.61,7
31,73,2600000,72,77,64,72,68,72,73,79,73,22.44,7
21,81,2500000,70,48,63,67,68,68,79,79,61,23.84,7
24,83,15000000,78,73,69,75,73,75,73,80,64,24.02,2
36,71,850000,73,76,62,70,57,70,49,76,74,26.51,1
30,66,850000,67,68,59,61,62,65,76,68,61,23.46,1
23,81,8500000,76,75,65,67,64,73,75,78,69,27.16,2
30,68,1200000,70,62,60,65,66,72,78,65,68,22.79,1
35,77,4100000,83,80,68,70,69,78,64,80,74,24.84,2
27,68,1300000,65,61,65,58,65,62,88,61,56,22.64,0
28,67,1000000,68,64,60,56,60,64,72,66,62,21.33,0
24,76,2900000,74,71,62,70,68,70,75,76,56,23.29,2
31,72,2000000,73,90,65,72,65,72,41,80,73,21.21,5
33,67,650000,69,68,66,66,64,67,69,68,64,27.04,2
29,74,4200000,77,74,70,73,74,76,65,73,74,22.16,2
28,68,1200000,68,68,67,66,67,70,60,68,57,21.68,7
36,71,650000,75,69,65,71,68,73,65,78,67,23.81,7
29,67,1000000,66,69,64,68,63,65,53,67,72,23.77,2
24,72,1600000,64,65,59,63,68,66,74,70,74,21.74,2
26,69,1200000,65,57,62,60,70,69,86,74,57,22.99,2
24,73,2200000,72,62,64,53,70,66,85,68,58,23.39,1
26,76,4000000,77,70,64,65,69,70,83,71,54,24.59,2
26,72,2200000,74,77,62,64,65,71,73,71,59,25.25,7
22,83,9500000,72,75,73,64,81,78,81,71,62,20.88,7
25,73,2000000,72,70,66,66,66,68,72,69,68,22.4,2
26,70,1800000,70,70,56,58,72,68,91,66,61,23.15,2
28,68,1200000,68,64,62,68,67,69,72,69,64,22.55,2
31,73,2600000,74,78,68,76,68,75,48,83,77,26.57,6
27,70,1600000,71,60,63,61,66,67,76,78,66,22.89,2
26,68,1200000,67,62,62,57,69,68,81,70,70,22.41,2
18,86,3100000,69,71,66,64,68,70,73,68,61,20.67,7
32,67,825000,67,67,68,68,65,68,57,68,68,21.04,6
29,75,5500000,76,77,65,72,72,73,78,85,56,22.72,7
25,68,900000,62,57,58,67,76,58,92,74,52,21.38,6
29,66,850000,66,53,67,65,64,67,59,73,71,25.25,7
33,75,3600000,81,81,64,77,64,72,55,80,73,22.52,2
25,70,1400000,68,55,59,66,66,65,87,73,71,23.51,7
24,70,1100000,59,68,64,49,65,65,73,65,50,24.15,7
32,67,600000,67,68,62,67,61,62,63,70,65,23.04,2
27,65,675000,63,62,51,54,62,62,79,65,64,24.38,0
28,67,1000000,68,65,62,71,67,67,75,73,69,24.38,7
25,74,2500000,74,65,70,62,70,69,72,75,69,21.78,1
27,69,1400000,68,66,62,56,70,71,82,61,66,22.2,0
26,71,1600000,69,67,62,59,67,66,73,71,67,23.3,2
24,81,9000000,80,73,68,65,74,75,85,79,71,20.35,2
28,72,2400000,74,78,58,69,65,67,77,76,67,25.03,2
30,65,700000,61,55,64,54,62,65,82,68,61,21.16,0
30,70,1600000,72,77,59,64,57,66,78,73,68,24.67,0
28,68,1200000,66,64,64,60,70,70,71,73,54,23.7,7
22,84,9500000,76,74,69,72,70,76,72,77,68,22.35,7
24,74,2100000,68,62,63,56,69,66,82,77,66,26.85,0
28,71,1900000,73,72,63,75,72,69,72,74,68,25.45,7
37,70,525000,74,73,63,73,70,69,60,71,79,23.41,7
22,78,3600000,73,60,65,60,69,69,71,77,50,23.36,6
24,74,1900000,72,61,58,57,65,67,81,66,68,20.01,6
29,75,5500000,78,74,68,59,73,74,78,76,61,25.71,6
25,75,2400000,67,64,67,57,76,75,74,80,68,27.17,7
32,66,700000,66,60,61,65,66,68,69,67,68,23.18,2
33,72,2000000,72,74,67,79,71,75,51,80,80,23.92,2
27,73,2700000,76,64,61,67,66,70,86,70,66,21.1,1
31,70,1300000,73,70,53,66,62,66,71,74,58,23.08,0
21,79,3600000,71,74,62,71,72,68,77,69,66,23.77,2
30,68,1200000,65,63,67,63,73,71,79,67,65,24.09,2
29,70,1800000,70,65,64,77,70,72,68,77,78,24.84,7
24,70,1200000,66,70,52,66,59,70,70,68,71,24.38,7
32,70,1300000,69,65,63,51,69,72,82,60,70,23.81,1
33,71,1200000,74,72,65,70,64,70,63,75,73,25.59,6
23,73,1700000,59,61,61,57,66,61,86,84,42,26.31,7
29,69,1100000,72,69,66,65,68,67,77,63,70,23.2,7
33,70,925000,69,71,64,65,62,66,68,71,72,24.76,1
24,74,2300000,70,71,58,67,65,70,74,74,82,23.2,7
22,82,8500000,79,69,63,58,68,77,69,75,77,23.04,6
29,72,2300000,75,74,67,70,73,75,64,74,70,21.97,6
24,73,2200000,72,65,65,61,77,71,76,68,64,24.15,7
25,76,3300000,76,74,69,67,71,72,65,72,67,24.1,7
30,66,850000,66,58,55,72,66,68,71,72,55,23.96,2
26,71,2100000,72,66,61,66,64,66,78,78,71,23.29,6
31,74,3600000,72,84,66,70,64,75,65,73,68,22.63,1
31,77,8000000,80,86,65,74,60,74,60,83,65,24.44,0
25,73,2100000,69,69,68,63,72,71,67,71,62,21.5,2
29,68,1200000,66,68,62,63,67,71,75,65,62,23.55,0
29,68,1200000,68,70,69,65,70,69,65,70,76,20.68,2
28,71,1900000,73,72,61,65,69,73,72,74,67,22.63,7
26,72,2200000,74,75,57,69,57,58,73,78,57,24.52,7
34,68,575000,69,73,66,69,65,67,59,65,83,21.75,7
21,80,3600000,75,54,63,67,75,73,81,69,62,21.22,7
38,69,475000,72,80,68,66,65,70,37,73,70,24.31,7
34,68,575000,70,70,67,74,62,66,61,70,67,22.59,1
29,66,850000,67,65,58,68,65,64,69,71,80,23.3,1
30,69,1400000,71,68,63,48,59,68,75,73,68,22.31,2
26,71,1700000,70,62,71,68,71,71,75,70,60,23.72,6
21,80,3200000,71,63,72,67,68,69,78,68,61,22.84,7
29,65,725000,66,68,54,62,59,59,65,68,67,23.37,2
28,73,3100000,73,80,69,68,64,70,67,79,65,24.43,1
29,67,1000000,67,69,60,61,60,65,70,68,62,22.07,6
30,67,1000000,69,67,61,55,64,67,65,70,71,22.15,2
20,76,1400000,65,61,56,53,59,61,77,61,59,24.34,2
33,65,450000,67,53,61,65,62,64,76,66,54,23.77,7
36,65,240000,64,68,65,66,61,62,69,69,65,24.42,2
36,75,1900000,83,83,64,67,62,73,41,78,81,23.1,6
33,75,3600000,80,79,64,70,74,72,69,80,72,24.25,2
25,70,1200000,67,61,61,62,65,64,76,65,63,21.39,2
34,68,475000,65,60,61,71,66,66,70,75,70,23.66,6
32,67,825000,67,64,65,67,68,69,67,65,67,23.46,6
30,73,3000000,79,68,65,67,75,76,64,76,77,22.79,7
23,72,1400000,61,63,65,59,69,66,82,73,73,20.9,7
33,71,1200000,66,75,65,62,73,75,82,61,65,21.91,1
28,66,875000,66,61,63,63,64,65,73,67,74,22.59,2
26,71,1900000,73,73,65,59,71,70,79,60,69,21.62,6
26,74,2900000,73,65,56,54,68,68,91,72,62,24.33,2
36,64,200000,68,59,62,62,64,66,63,64,64,21.15,7
25,69,1300000,70,67,63,68,64,66,70,67,67,23.37,2
32,66,700000,67,69,59,61,59,64,63,66,64,21.2,2
29,72,2300000,74,70,67,76,62,61,76,81,77,22.86,7
26,72,1800000,71,61,60,64,69,68,84,70,61,22.15,2
29,66,625000,66,67,61,65,63,62,81,72,68,22.88,2
24,75,2400000,74,69,64,72,67,69,71,71,74,23.77,2
21,78,2700000,66,64,62,63,72,69,75,74,59,23.36,7
25,73,2300000,68,71,62,72,66,68,80,70,70,23.57,1
26,67,900000,62,62,64,68,67,65,72,69,63,22.09,2
27,73,3300000,75,71,66,66,71,71,74,75,68,23.51,6
32,66,700000,66,67,55,64,57,63,62,72,64,22.69,2
25,76,2800000,73,70,66,69,71,71,70,71,68,22.94,2
24,75,2200000,73,66,66,57,70,67,73,62,62,22.98,7
29,66,850000,65,57,67,60,73,70,73,69,64,24.28,7
25,73,1800000,73,51,68,59,72,69,75,72,67,23.3,2
28,73,3100000,76,74,67,67,68,70,70,71,56,23.36,7
26,68,950000,65,64,60,57,60,62,84,64,54,22.59,2
26,69,1500000,74,60,67,65,69,69,63,74,64,24.58,7
27,72,2500000,74,73,69,73,73,74,61,71,64,22.01,6
33,70,1000000,72,72,63,73,66,68,61,73,67,23.29,6
21,79,3200000,74,70,66,58,69,70,77,65,65,21.97,2
31,69,1200000,72,60,59,63,68,70,78,66,79,22.35,1
23,74,1900000,67,67,55,60,65,68,77,67,59,23.89,7
31,72,2000000,74,78,62,72,63,73,50,80,81,23.77,6
23,73,1600000,66,61,62,54,67,67,72,70,46,23.15,7
28,69,1400000,71,71,61,76,64,62,71,70,64,22.94,6
22,79,3600000,72,67,65,55,73,68,81,70,64,24.21,7
24,74,1900000,71,63,63,61,63,65,72,72,73,24.22,0
33,69,900000,72,72,60,67,70,69,68,68,65,23.99,7
26,68,900000,64,67,67,64,65,67,71,67,62,24.05,7
27,67,1100000,62,62,62,67,73,71,82,74,56,24.66,6
30,66,850000,66,65,62,63,64,66,66,69,64,22.79,7
31,75,4800000,75,80,70,67,71,76,70,81,66,26.01,2
30,71,1800000,70,74,62,71,70,69,68,76,67,22.64,0
20,80,2900000,68,68,61,67,65,68,73,73,65,23.08,7
30,73,3000000,74,75,64,74,67,70,73,82,76,23.55,2
24,76,3400000,75,76,64,65,68,71,70,74,67,21.11,6
28,68,925000,71,64,66,68,69,70,66,66,67,21.88,7
30,69,1400000,71,68,59,64,65,68,74,72,66,23.15,7
31,67,850000,67,72,61,72,64,60,76,71,71,22.94,7
28,73,3100000,72,79,69,74,62,75,51,84,72,23.2,7
22,78,3600000,75,67,66,67,72,74,77,67,66,21.8,6
32,69,850000,69,65,65,67,67,69,70,70,69,22.53,7
25,72,1900000,70,67,67,65,69,70,74,74,65,24.21,7
26,77,5500000,80,78,58,75,68,69,73,78,74,24.54,7
33,68,775000,69,71,60,67,63,66,58,75,65,24.59,7
26,65,700000,58,61,59,47,61,63,75,76,58,23.12,7
27,72,2200000,74,67,70,60,77,73,66,73,56,23.24,0
28,67,1000000,68,60,59,65,66,68,79,68,70,23.29,2
24,72,1800000,70,61,63,64,66,65,80,69,62,23.99,2
28,74,4300000,78,81,67,70,65,70,62,78,75,23.89,6
21,79,3600000,72,64,66,61,73,71,82,68,65,23.15,1
28,63,500000,59,64,58,56,59,58,74,63,64,22.89,5
25,68,1200000,65,64,65,59,68,68,78,70,59,22.53,7
29,65,725000,65,62,55,41,61,63,82,67,56,23.2,2
24,74,2100000,69,59,58,57,69,71,87,69,51,21.2,1
28,69,1400000,72,69,63,63,63,69,78,64,70,22.41,2
25,70,1100000,67,61,58,51,65,64,83,64,63,23.36,7
23,80,6000000,77,63,63,71,75,75,72,76,73,21.5,7
25,72,1500000,70,64,62,63,66,65,69,67,62,24.54,2
23,79,4700000,73,69,67,63,70,71,81,70,67,20.6,7
28,66,875000,67,67,65,65,64,62,70,69,67,23.72,2
22,79,2500000,65,70,51,64,73,70,87,68,66,22.26,0
29,71,1900000,74,70,62,62,64,69,71,72,72,25.7,7
30,71,1800000,72,80,64,77,71,72,55,76,75,23.85,7
22,81,8500000,77,67,66,69,74,73,82,72,68,23.51,2
33,72,1500000,74,77,75,70,65,71,62,74,64,24.86,5
24,72,1800000,70,63,61,63,65,66,79,68,67,22.2,7
25,76,4100000,75,76,63,69,59,66,79,80,69,24.14,7
35,71,800000,74,75,63,60,67,69,63,79,67,24.28,2
31,68,800000,66,75,67,65,71,71,47,69,63,23.04,7
34,69,675000,74,73,62,71,63,66,49,77,85,23.12,6
26,65,700000,58,66,60,58,57,65,76,74,43,23.2,0
21,76,2700000,67,58,66,62,73,72,72,71,71,20.83,7
30,68,1200000,67,72,59,67,66,68,55,77,61,22.71,2
28,72,2400000,74,68,65,66,69,73,71,70,69,23.41,1
31,69,1200000,73,67,65,65,63,69,50,75,67,23.48,7
28,62,400000,61,58,59,57,61,62,75,62,62,23.46,7
26,68,1300000,68,63,68,58,65,68,81,73,61,23.12,7
24,77,3200000,70,74,56,65,69,71,71,77,63,22.94,7
30,72,2300000,78,70,64,66,63,70,75,75,60,23.45,7
33,74,3500000,74,77,67,72,67,69,56,80,69,24.92,7
30,70,1600000,70,79,60,59,69,65,64,81,67,25.0,7
33,66,550000,68,65,62,67,62,65,60,67,67,22.28,2
26,74,4800000,76,81,45,77,59,67,50,84,79,24.64,7
22,78,3800000,77,68,66,71,69,67,80,68,73,21.33,2
31,66,725000,67,61,63,63,62,64,69,69,73,23.89,0
29,65,725000,65,69,58,61,57,63,64,66,67,25.93,1
32,73,2500000,76,77,74,71,74,79,33,76,72,22.63,5
24,74,1900000,66,66,65,50,71,70,83,74,71,23.99,2
29,68,1200000,68,73,67,65,68,70,64,70,72,21.05,7
29,64,575000,64,59,63,60,62,62,84,63,66,20.68,5
22,80,3600000,72,69,55,75,63,67,77,79,59,22.47,7
26,64,575000,65,61,59,63,63,64,72,67,64,22.86,6
31,69,1200000,71,72,65,59,65,73,71,71,71,22.15,7
24,72,1400000,66,52,56,58,64,59,92,69,55,23.89,2
30,68,875000,64,67,60,65,69,64,68,75,69,22.21,2
29,68,1200000,66,64,59,61,68,68,84,68,77,23.46,7
31,66,725000,63,74,56,70,56,65,49,80,79,26.01,7
28,65,725000,65,64,66,62,65,66,67,70,67,20.59,2
23,77,3200000,71,65,67,58,72,71,77,68,49,24.59,2
33,66,550000,65,64,65,66,66,67,70,66,72,23.15,2
25,79,6500000,78,73,64,71,75,74,74,75,39,22.45,7
24,70,1400000,72,59,64,57,67,66,80,64,65,22.15,6
30,69,1000000,69,71,61,66,70,70,78,73,66,24.38,5
28,66,875000,68,63,58,66,67,65,78,67,63,25.5,1
28,66,875000,64,65,62,65,64,63,79,60,66,21.5,2
27,69,1500000,73,67,53,67,68,67,75,69,68,23.63,2
26,70,1500000,68,59,64,63,70,69,83,69,57,23.72,7
24,72,1900000,69,60,64,63,73,73,81,69,69,24.3,7
26,69,1300000,70,58,58,58,69,67,80,63,51,22.53,2
32,71,1500000,76,79,63,75,59,64,34,80,74,24.93,7
25,74,2200000,71,63,61,66,73,70,79,76,70,23.63,7
26,69,1400000,73,60,65,60,64,62,73,72,70,23.2,1
26,68,1200000,66,67,66,66,64,66,78,67,56,21.89,6
38,75,1900000,80,85,62,81,65,70,50,84,75,23.36,6
25,69,1100000,68,65,53,53,64,65,75,65,62,24.3,0
32,70,1300000,71,80,63,61,63,66,72,70,69,24.02,2
36,71,650000,78,84,62,76,59,70,30,74,80,23.89,4
30,71,1800000,74,75,57,59,64,64,69,75,67,24.81,2
26,72,1800000,68,66,61,66,68,70,80,69,58,22.84,2
29,62,400000,56,64,55,52,60,60,77,68,65,23.77,0
35,65,300000,68,41,63,68,67,68,63,70,68,24.77,7
30,68,1200000,69,66,64,68,66,68,68,66,70,21.91,2
24,76,2500000,69,66,66,61,79,72,81,66,68,22.34,2
29,78,14000000,84,82,68,70,78,79,68,78,65,20.78,5
27,70,1600000,68,66,62,57,70,72,77,73,60,20.37,7
28,70,1600000,75,72,70,57,66,70,54,71,76,21.45,7
23,71,1100000,66,60,55,58,64,63,70,68,64,26.59,7
33,70,1000000,74,71,65,60,65,68,57,69,68,22.96,7
29,66,650000,64,63,55,63,68,63,67,70,70,23.77,7
22,78,3800000,73,65,73,62,74,74,77,70,65,23.5,6
31,63,400000,64,63,58,61,55,63,63,66,65,23.29,2
26,75,5000000,75,75,69,61,72,72,71,80,63,25.46,1
32,75,4600000,77,93,68,78,66,74,54,78,67,24.05,1
29,69,1400000,72,72,59,68,63,68,62,70,73,22.84,2
27,72,2500000,73,68,66,60,69,73,64,74,65,22.99,2
34,65,350000,66,58,64,68,66,64,66,66,65,22.35,7
31,72,2800000,74,80,71,79,66,72,38,78,67,25.22,6
28,68,1200000,70,66,59,62,64,66,78,67,65,22.89,6
25,71,1600000,66,62,56,57,70,64,89,68,64,25.88,7
20,82,3200000,73,67,58,62,74,70,74,68,68,22.09,2
32,67,825000,68,61,58,64,63,66,80,65,73,24.66,6
25,73,1800000,66,68,56,65,63,66,67,78,79,22.07,7
31,72,2000000,76,74,67,65,64,72,51,79,78,21.61,1
28,68,925000,64,63,60,54,64,62,90,75,59,21.85,1
21,81,4200000,75,69,72,64,76,73,79,63,66,22.86,1
19,83,4200000,67,63,65,55,73,68,82,71,69,21.2,1
29,64,575000,61,58,64,54,65,64,69,76,62,22.28,7
34,70,775000,71,79,63,71,66,70,52,76,74,21.97,2
22,75,1300000,64,62,61,58,67,64,76,67,63,23.45,2
21,73,1700000,68,54,64,66,69,68,86,68,62,22.72,2
31,66,725000,67,64,62,55,63,65,72,66,70,23.24,2
25,73,2000000,70,61,59,57,71,71,78,72,58,25.11,6
32,72,1900000,76,86,65,70,70,71,34,76,78,26.31,7
33,70,1000000,73,78,53,71,65,69,65,80,70,22.4,6
25,75,2600000,71,76,69,71,69,73,55,77,65,21.11,7
36,71,650000,72,79,59,75,64,66,54,79,69,23.74,2
34,72,1600000,76,77,68,75,64,72,55,71,71,23.33,2
34,68,575000,68,68,68,68,63,73,61,65,70,23.51,1
26,67,900000,64,64,60,55,63,65,63,67,60,22.48,7
29,70,1600000,77,72,64,77,61,69,67,65,70,22.22,6
26,72,1800000,71,68,67,67,69,68,71,73,57,22.53,7
23,78,3600000,73,67,68,57,69,68,79,73,72,22.47,1
22,75,2300000,73,64,67,60,66,71,64,73,55,23.77,2
24,76,2900000,70,76,54,50,66,70,82,78,67,21.75,0
23,69,1000000,59,61,59,54,68,68,83,74,56,25.22,1
27,70,1700000,73,66,63,65,68,67,75,71,69,22.28,0
22,70,975000,64,62,63,48,63,64,70,62,64,20.75,2
22,75,1300000,63,61,57,64,68,64,77,62,61,23.04,1
26,71,1900000,70,70,64,66,66,76,58,71,60,22.16,6
38,67,350000,73,72,67,69,66,71,38,69,74,23.16,1
23,78,3100000,71,62,61,65,66,69,77,75,66,24.57,2
22,82,9500000,77,73,64,68,73,71,78,77,65,23.2,2
32,73,2500000,75,79,66,74,67,71,54,80,62,24.33,7
25,72,1500000,64,68,58,59,63,65,75,74,66,23.85,2
25,75,2400000,69,69,64,47,75,71,80,74,65,23.7,7
29,66,850000,66,62,60,58,63,64,75,67,67,26.83,2
29,74,4200000,77,81,71,73,69,73,55,74,65,23.82,2
27,73,3300000,73,72,66,66,78,74,79,81,58,21.48,6
28,66,875000,69,59,61,58,66,69,76,65,60,23.37,2
25,76,4100000,77,75,60,69,65,66,72,79,59,22.58,7
22,82,7000000,77,61,64,64,72,74,85,73,63,23.41,2
29,69,1400000,73,75,62,71,60,61,64,70,78,21.1,2
21,73,775000,62,59,57,55,64,62,80,57,58,22.64,2
27,68,1300000,68,65,58,62,65,66,75,70,56,22.53,7
32,67,825000,72,74,66,70,61,70,34,75,72,23.08,6
27,70,1700000,69,76,62,65,68,70,82,71,78,23.29,1
28,67,1000000,63,69,60,65,63,66,74,68,65,23.63,7
23,76,2800000,70,72,65,53,69,67,75,68,62,25.7,7
29,73,3000000,75,76,61,68,71,73,68,76,65,25.51,7
30,67,1000000,67,66,65,64,67,67,75,65,33,20.52,7
26,65,600000,65,59,56,63,60,63,79,65,60,20.11,0
29,66,850000,67,69,63,69,61,65,62,68,70,25.11,7
21,76,1600000,65,61,58,64,63,63,75,65,64,23.94,7
25,74,2100000,68,73,66,66,66,69,69,69,62,23.89,2
27,66,825000,65,61,62,62,65,67,70,68,74,22.47,5
20,79,3500000,74,67,60,66,67,73,83,81,71,22.72,2
23,75,2200000,67,71,63,63,66,72,67,69,55,20.56,7
24,76,2900000,73,67,64,65,67,67,73,84,61,22.52,7
23,69,900000,63,58,63,64,67,67,85,63,52,22.34,7
29,69,1400000,68,68,69,64,73,72,67,73,61,25.98,7
24,73,2000000,75,59,60,71,68,70,59,75,35,27.14,6
20,79,2700000,69,61,63,61,69,67,78,70,67,24.86,2
31,67,850000,68,70,61,63,60,65,61,73,57,24.9,2
36,70,625000,74,71,65,77,61,67,34,80,70,24.99,3
32,67,825000,65,68,59,65,64,67,66,68,70,22.63,2
30,66,850000,67,65,55,74,67,68,68,73,68,24.16,5
25,74,2200000,69,68,62,68,70,72,73,74,66,20.45,7
28,69,1100000,71,65,66,69,66,69,68,73,67,20.83,7
27,68,1200000,69,67,60,62,65,68,67,68,68,21.79,7
25,68,950000,66,65,63,59,63,65,72,68,68,19.88,7
25,72,2000000,74,74,62,64,61,62,55,78,70,23.3,6
28,68,1200000,69,64,58,61,68,64,92,66,64,23.36,1
25,70,1400000,68,68,60,57,72,70,78,66,64,20.94,7
24,67,925000,60,64,62,55,64,64,80,62,56,22.96,2
26,72,2200000,70,64,59,60,71,76,89,69,61,23.77,2
29,72,2300000,78,75,59,70,65,74,66,71,75,22.92,2
20,76,1600000,68,63,69,60,67,64,70,67,63,22.91,2
25,65,525000,61,62,64,67,62,63,79,71,59,23.92,2
31,73,2600000,77,75,66,70,68,73,69,73,71,26.6,6
24,75,2200000,70,63,65,66,71,67,80,69,61,23.78,1
22,71,1500000,60,68,60,49,73,71,90,59,51,20.37,1
28,67,1000000,70,54,67,58,71,65,65,70,75,23.41,2
27,68,1200000,70,74,56,65,65,65,67,70,68,22.34,6
29,70,1600000,73,77,65,68,61,69,57,74,70,24.22,7
22,76,2300000,69,59,62,57,73,68,78,71,65,22.05,7
30,66,850000,63,60,59,61,64,65,81,70,62,24.52,2
23,75,2400000,71,67,62,65,66,69,75,70,69,21.98,7
27,69,1400000,63,67,56,59,64,65,87,76,55,23.8,1
23,76,2500000,70,64,64,68,72,71,71,70,65,22.84,7
23,70,975000,63,56,59,56,65,64,85,61,61,22.53,5
30,69,1400000,70,66,64,62,66,73,64,72,68,24.05,1
25,67,775000,63,59,55,57,64,63,83,63,62,20.9,5
20,69,375000,63,63,57,56,61,58,67,60,60,21.53,7
26,71,1600000,72,62,61,59,65,67,90,67,65,21.22,7
24,72,1900000,63,69,67,61,73,62,91,69,71,21.86,6
38,68,400000,74,63,65,77,68,72,55,74,74,22.23,6
29,74,4200000,78,83,61,68,61,70,64,81,72,23.57,6
32,68,975000,65,72,67,71,66,70,69,72,70,24.97,7
28,69,1400000,71,62,57,62,68,68,88,68,69,23.36,7
27,65,675000,64,66,53,50,58,64,66,62,65,22.4,1
25,74,2200000,69,77,59,66,64,68,68,72,74,21.22,2
31,69,1200000,70,76,60,68,67,71,63,78,73,25.4,7
33,60,160000,58,63,56,52,55,61,68,60,61,23.2,5
30,64,575000,65,66,54,64,63,60,69,72,69,26.78,1
23,74,2100000,70,69,65,66,66,67,82,69,65,22.15,1
35,71,1100000,73,80,71,68,53,74,35,81,82,26.29,7
24,72,1400000,67,65,65,61,61,62,69,76,48,23.37,1
21,83,7000000,78,75,72,69,72,71,71,75,69,23.89,6
36,67,350000,67,66,66,73,67,69,48,70,65,23.8,1
27,74,3600000,79,76,56,73,67,68,80,74,68,23.24,7
34,65,350000,68,71,63,63,60,66,38,69,68,25.38,6
28,65,725000,65,71,64,70,64,64,62,73,70,23.37,2
20,75,1300000,63,60,56,49,65,67,75,66,55,22.4,2
30,66,825000,63,56,66,59,67,68,68,67,57,19.8,1
27,65,675000,65,66,59,57,67,65,74,61,64,26.87,6
29,68,1200000,69,77,61,62,64,68,69,70,63,22.5,2
34,70,925000,68,75,67,73,64,68,55,72,67,23.89,6
30,67,725000,65,63,58,66,68,63,82,69,54,24.07,6
26,69,1400000,70,58,61,60,67,68,90,67,63,23.92,7
32,71,1500000,69,79,69,64,62,70,53,76,64,24.94,0
31,64,500000,63,60,64,61,62,64,53,70,63,23.15,7
23,68,725000,63,63,58,55,61,59,82,57,54,25.14,2
34,72,1100000,75,76,64,67,67,67,65,77,78,23.57,1
27,69,1400000,68,65,63,68,61,66,54,78,62,24.1,3
23,72,1100000,67,67,65,67,58,65,67,55,64,20.81,2
33,71,1200000,73,81,67,70,63,70,33,80,75,24.97,0
21,78,2300000,66,59,59,63,71,70,77,74,64,22.21,7
25,70,1800000,74,75,66,64,75,66,63,71,75,24.62,7
35,69,600000,75,79,65,77,65,72,51,65,86,23.77,6
30,69,1400000,70,72,57,67,60,64,76,73,64,24.96,2
25,69,1100000,73,54,58,59,59,65,63,69,62,25.13,6
28,68,1200000,68,61,62,61,67,69,85,69,67,20.99,1
24,70,725000,64,65,61,66,61,63,64,66,62,22.34,1
31,69,1200000,73,74,52,73,57,67,63,70,72,20.75,6
26,64,575000,64,70,61,49,61,64,70,64,66,24.57,1
24,67,800000,62,53,57,54,63,61,92,70,50,24.44,2
21,69,1700000,66,72,52,60,72,71,66,68,57,23.15,7
25,74,2100000,70,64,65,61,65,75,73,71,67,23.12,2
27,76,6500000,77,79,70,70,69,74,66,78,71,22.85,2
25,73,2100000,67,77,61,58,66,67,73,72,73,25.46,6
31,70,1300000,73,70,58,67,62,63,70,70,70,22.88,2
20,76,1400000,64,54,59,47,65,67,81,70,59,23.77,7
22,81,7000000,75,75,58,55,74,70,80,79,71,20.88,1
31,63,400000,64,62,56,60,62,58,76,62,68,21.63,0
22,75,1600000,64,62,66,62,68,69,71,66,62,20.45,7
35,70,675000,75,80,64,70,64,69,50,72,84,25.15,7
36,70,550000,74,79,71,72,66,72,34,73,78,23.08,6
21,77,2300000,68,56,58,57,70,64,91,69,63,21.33,7
25,69,875000,64,66,57,57,62,60,80,70,60,22.82,5
32,64,475000,64,55,61,54,66,65,73,71,71,22.98,0
24,73,1800000,67,68,56,68,63,65,78,75,66,24.22,7
22,74,1900000,63,61,62,47,69,66,80,71,53,24.38,7
32,69,1100000,72,77,62,78,57,64,65,74,66,24.05,7
25,69,1100000,65,54,60,54,67,68,80,76,53,21.33,7
25,74,2100000,70,69,62,54,67,62,80,73,66,20.5,6
30,65,700000,62,60,65,58,66,68,64,67,66,22.53,2
24,70,1200000,64,62,60,65,69,71,80,63,67,22.84,1
33,68,775000,69,76,63,66,64,68,48,72,62,25.46,2
35,69,600000,77,79,59,71,58,70,32,70,76,23.77,7
25,74,2100000,69,70,61,59,69,67,79,72,66,22.16,7
25,71,1400000,68,60,64,54,64,68,73,68,62,23.92,6
32,71,1500000,78,74,58,62,59,65,55,75,65,24.92,7
21,80,3200000,73,58,61,70,72,69,79,71,61,23.15,7
27,69,1500000,68,74,71,68,66,72,60,71,65,20.28,7
26,68,1300000,72,61,61,65,62,66,78,70,64,23.72,2
25,68,950000,68,75,53,49,55,57,75,65,61,23.77,2
30,69,1400000,68,73,64,66,64,68,57,69,68,24.12,1
33,72,1500000,73,73,66,76,72,73,72,78,74,21.86,2
30,65,700000,65,65,58,61,59,62,65,68,56,23.37,3
24,73,1800000,67,68,65,61,66,65,76,70,59,22.21,2
22,78,2700000,72,62,54,64,64,63,74,73,70,22.94,0
31,67,850000,65,72,60,66,66,68,63,71,69,24.88,6
18,84,2200000,65,49,64,56,70,64,83,70,60,22.88,7
27,66,825000,65,64,58,57,61,64,68,66,60,21.68,6
28,67,1000000,64,65,58,70,62,65,77,73,63,21.16,2
27,65,675000,64,66,56,56,61,62,76,68,58,21.79,7
27,66,925000,64,64,66,60,65,70,68,64,55,24.41,5
31,68,1000000,67,72,66,70,64,68,50,82,70,23.99,2
33,62,250000,64,58,60,63,61,62,55,63,65,21.6,1
21,75,1900000,65,61,59,62,62,65,76,75,67,22.16,2
25,72,1300000,70,67,62,63,67,67,77,73,74,22.79,1
27,67,1100000,68,62,59,61,67,68,76,72,65,23.67,1
25,75,3100000,76,62,59,68,65,67,89,79,61,25.74,6
30,64,575000,65,66,55,64,62,64,52,76,62,26.3,7
21,69,775000,61,62,64,65,66,64,73,71,63,24.22,6
34,62,190000,64,60,58,61,60,62,64,64,63,21.6,2
20,79,1700000,69,65,59,64,64,63,67,73,58,23.26,0
32,71,1500000,74,79,63,70,60,68,66,73,71,22.15,6
29,71,1900000,70,70,62,71,68,71,69,74,73,24.25,2
36,66,300000,67,65,57,63,61,68,57,68,65,21.86,2
22,68,650000,59,63,61,63,63,61,71,63,55,22.34,2
30,72,2300000,70,71,67,60,72,71,83,79,61,24.86,6
26,66,475000,60,46,57,64,65,64,84,59,56,20.86,1
27,68,1300000,65,73,65,62,65,65,82,74,68,21.1,6
24,74,2300000,73,75,65,68,67,70,58,75,64,24.18,7
25,74,3000000,69,74,64,71,60,67,67,82,74,23.7,0
26,73,2100000,73,67,62,47,67,68,80,72,72,21.33,7
20,77,1400000,58,60,63,41,64,65,83,70,53,21.06,2
23,73,1600000,67,58,59,68,72,74,78,75,60,24.28,7
26,71,1600000,71,59,61,63,67,68,76,72,63,22.22,2
24,70,1100000,67,64,59,60,59,64,72,64,59,21.5,2
28,68,1200000,67,65,63,75,68,71,73,67,61,24.42,7
26,70,1700000,72,68,64,64,65,73,70,71,74,24.22,6
22,72,1500000,65,51,61,48,61,64,91,67,57,21.37,1
19,82,2900000,72,57,63,71,72,69,74,69,69,22.2,2
25,76,2800000,76,67,64,53,71,74,80,70,66,21.85,7
31,67,850000,68,56,52,59,65,62,89,73,61,25.46,7
38,69,475000,72,72,68,66,68,73,53,75,72,24.38,6
24,69,775000,61,57,54,58,63,60,84,67,62,25.06,0
22,75,2300000,68,68,58,55,63,65,83,70,58,22.99,0
30,69,1400000,71,75,61,65,62,67,54,72,65,24.33,2
28,69,1400000,72,68,54,62,66,70,73,72,68,22.46,1
22,75,2500000,72,67,58,60,63,65,84,65,55,22.94,6
34,67,500000,66,67,64,67,64,66,65,72,71,24.9,7
32,72,1900000,76,75,62,63,67,73,59,77,67,21.56,1
23,73,1700000,68,71,61,45,60,65,69,74,67,23.55,0
28,63,500000,61,68,59,64,58,59,69,71,78,23.29,6
30,71,1800000,74,82,66,67,64,65,56,75,68,21.11,1
30,62,400000,59,55,54,72,57,59,83,66,58,26.2,2
23,73,1800000,66,63,63,47,72,72,85,72,64,25.71,6
24,71,1100000,61,66,60,64,68,64,88,65,65,21.48,2
26,68,950000,64,61,58,65,65,63,80,68,55,20.9,6
34,73,1500000,79,79,65,62,68,73,52,77,73,21.88,2
25,74,2100000,72,66,63,70,71,71,64,74,72,24.66,6
33,63,220000,55,61,58,46,60,59,83,68,61,24.59,7
34,63,230000,65,57,56,63,61,60,71,63,61,24.34,2
18,82,2800000,70,74,70,65,64,65,63,68,66,23.55,0
29,66,850000,67,73,54,58,60,64,72,68,65,21.08,5
27,68,1300000,67,63,63,62,62,63,70,76,68,24.54,1
28,66,875000,65,71,59,52,67,66,77,66,61,23.59,6
25,68,950000,68,55,57,58,66,64,84,66,57,21.55,7
21,79,2700000,68,69,64,54,63,65,73,74,70,23.48,2
20,78,2300000,68,67,56,68,66,64,84,66,72,22.4,7
29,69,1400000,69,69,62,69,68,70,68,70,65,24.69,7
26,61,375000,61,58,56,53,61,59,83,65,62,21.45,7
27,68,1200000,68,58,52,63,65,64,94,71,62,23.94,2
27,70,1700000,70,68,67,62,69,68,82,73,57,21.91,7
21,79,3200000,71,71,61,63,67,66,63,70,58,23.09,2
30,67,1000000,71,74,63,64,63,64,64,67,70,22.74,6
31,65,600000,63,65,58,56,61,62,68,61,68,23.37,2
27,63,525000,58,47,62,62,64,73,64,68,44,24.73,6
26,72,1800000,74,71,58,66,67,66,76,72,70,22.26,2
29,63,475000,64,61,60,58,64,64,66,64,57,23.04,7
28,64,600000,61,70,61,58,61,64,73,67,59,22.85,7
26,64,575000,63,60,63,57,64,66,70,70,60,24.49,7
31,63,400000,59,61,48,51,56,58,77,64,70,24.62,6
27,65,775000,66,65,59,58,59,63,66,65,61,21.97,2
30,67,1000000,62,68,54,64,60,67,86,67,66,24.19,0
21,73,1800000,63,63,62,61,66,61,83,68,60,24.9,7
23,70,925000,63,52,60,55,68,65,77,63,63,23.81,5
27,64,550000,62,55,58,55,64,49,88,66,59,21.0,7
23,75,2400000,73,72,58,66,63,65,70,78,82,23.93,1
34,70,925000,72,71,64,67,55,69,44,80,75,24.25,6
29,59,220000,60,61,49,57,54,57,71,58,58,24.49,1
25,71,1600000,67,67,58,53,63,67,76,72,63,24.84,5
21,77,3300000,70,66,65,67,69,72,73,74,61,23.84,6
29,66,850000,62,58,59,68,66,62,81,70,52,23.41,2
30,71,1800000,74,74,57,58,71,68,68,72,64,24.64,2
19,84,4500000,71,70,64,65,75,73,76,68,69,21.13,7
27,75,4900000,77,79,73,70,65,66,50,82,65,26.03,6
29,67,1000000,69,64,63,67,62,69,55,70,66,23.29,6
32,66,700000,73,63,50,60,63,63,72,67,52,21.97,1
36,68,400000,68,71,68,73,69,68,50,73,70,23.67,6
37,65,160000,63,71,62,60,57,62,55,68,69,25.13,7
32,65,575000,68,73,55,60,57,54,49,69,55,23.7,6
21,73,1600000,63,64,61,61,68,68,82,65,60,21.91,7
23,77,3600000,70,74,61,60,73,72,81,66,63,24.43,1
31,66,725000,65,46,66,61,66,67,73,70,56,21.71,7
29,66,850000,66,71,53,60,62,59,71,72,65,24.97,5
26,62,400000,59,57,55,55,61,59,77,61,58,23.89,2
22,71,1200000,63,56,51,57,64,63,84,65,57,23.46,2
29,64,575000,62,65,54,58,56,57,73,76,57,21.15,2
24,67,925000,66,58,63,59,63,64,73,65,61,23.41,6
24,72,1900000,71,61,68,53,70,68,82,63,59,24.16,2
19,75,1100000,65,63,64,68,64,65,67,64,68,21.6,7
23,74,1600000,64,64,52,55,63,63,83,64,58,25.31,7
21,74,1900000,65,62,58,61,68,66,76,69,64,23.77,2
31,63,400000,63,58,59,61,62,61,88,64,69,22.86,2
29,66,850000,63,67,58,70,59,62,72,71,66,24.25,2
28,67,1000000,70,75,62,62,65,69,36,75,74,24.67,2
24,73,1600000,69,58,63,63,68,67,82,74,66,24.03,2
29,64,575000,60,70,64,55,58,56,73,66,67,25.13,2
20,78,2700000,68,66,63,68,74,70,73,68,67,24.38,7
23,77,3100000,69,71,65,55,73,71,75,70,72,22.78,7
30,68,1200000,69,67,63,53,63,68,72,74,65,23.89,7
33,68,775000,65,85,56,66,63,63,63,73,73,22.96,6
23,73,1600000,70,56,56,59,67,64,82,67,65,22.5,7
24,65,550000,59,57,58,45,62,60,83,61,65,22.99,7
26,70,1500000,67,65,61,61,70,67,83,65,55,23.3,6
27,70,1600000,73,71,60,66,61,67,65,66,70,22.99,2
23,71,1100000,63,63,64,62,65,66,73,61,52,23.38,7
32,67,825000,70,75,62,61,57,63,54,73,65,24.62,0
27,66,825000,65,66,48,67,58,64,63,69,68,23.89,5
19,75,1600000,65,58,59,61,64,67,81,75,65,24.49,7
28,65,725000,59,64,64,45,67,65,74,64,59,22.48,0
23,73,925000,59,57,55,62,68,59,87,72,45,22.6,2
25,66,625000,63,62,55,59,67,66,72,73,55,24.84,3
24,70,1400000,67,56,66,69,69,70,71,73,67,22.02,6
24,67,800000,65,65,58,60,60,62,78,65,62,24.05,2
30,69,1400000,70,73,56,69,68,70,64,73,58,23.37,5
26,73,2100000,70,73,67,58,72,74,46,71,65,23.82,2
24,69,1300000,70,54,53,63,60,65,81,78,72,25.31,1
19,80,3000000,74,65,63,58,69,70,74,73,71,21.04,2
31,65,475000,64,65,58,56,60,63,67,61,70,23.46,0
30,62,400000,62,59,60,63,58,63,54,79,55,23.82,7
27,66,925000,65,70,59,63,60,62,78,75,62,21.48,2
32,71,1500000,71,78,67,70,58,67,52,75,69,23.17,7
24,73,1800000,71,70,68,59,70,68,65,67,71,21.79,7
23,71,1500000,68,65,61,63,69,68,76,65,60,23.5,7
23,71,1100000,65,56,60,54,67,67,86,60,63,20.2,7
29,69,1400000,71,68,55,63,68,66,79,68,65,19.75,1
29,68,1200000,70,74,53,66,63,68,69,72,66,22.07,7
18,81,2400000,66,70,62,51,70,69,79,65,62,20.45,7
32,64,475000,66,59,56,64,64,64,60,65,70,22.59,2
27,65,775000,64,64,58,58,65,66,76,67,58,21.33,6
30,66,850000,72,57,63,57,65,61,77,65,58,22.64,7
32,64,475000,60,61,58,52,60,62,91,66,38,24.1,7
19,82,2200000,68,55,67,58,69,70,72,68,63,23.72,2
33,64,375000,68,68,56,65,60,64,47,68,72,20.9,6
22,79,3200000,72,72,49,66,62,68,72,71,62,23.27,7
22,73,1300000,60,51,54,62,68,65,74,70,50,19.96,6
30,68,1200000,70,63,56,64,62,67,63,73,67,23.33,6
22,75,1600000,69,58,60,56,72,68,73,63,63,25.64,2
30,62,400000,64,51,53,51,60,63,81,60,58,24.69,7
29,67,1000000,67,68,58,55,64,65,83,69,66,22.5,2
29,62,400000,60,58,57,61,61,60,84,60,61,22.04,6
27,66,925000,70,65,57,56,66,69,77,64,68,22.84,1
25,67,775000,65,64,59,51,63,60,70,65,58,22.34,7
31,66,725000,66,77,68,65,68,70,32,68,72,21.9,0
27,65,775000,65,55,62,61,66,65,76,70,61,22.53,2
22,74,1900000,68,68,58,50,64,66,75,69,70,23.36,7
31,67,850000,65,81,57,66,62,67,58,72,65,23.09,6
24,68,725000,64,62,56,56,63,61,80,62,70,23.15,7
31,65,600000,66,70,68,61,59,68,32,70,68,24.62,6
23,72,1600000,62,63,61,68,69,66,88,74,63,22.02,6
31,64,400000,58,56,54,63,71,68,79,64,63,24.57,2
33,71,1200000,74,70,60,70,66,70,67,72,75,22.59,1
29,70,1600000,69,70,68,68,66,68,79,74,69,22.42,5
30,66,850000,65,65,58,66,62,58,74,69,62,23.85,7
21,75,1900000,67,62,64,45,67,67,70,68,71,24.49,2
23,77,3600000,74,76,62,70,61,70,71,80,60,23.36,5
22,75,1300000,62,60,60,55,62,66,82,62,56,22.47,6
24,73,1600000,67,72,65,68,69,67,63,69,57,21.88,7
22,77,3200000,70,72,64,56,66,68,66,68,66,24.86,6
19,82,3300000,73,64,66,62,76,71,77,65,64,21.43,2
34,70,775000,74,62,66,65,65,70,55,80,71,21.68,3
21,75,1900000,66,65,63,65,72,67,75,68,68,22.4,7
34,64,275000,64,70,67,66,65,67,35,69,62,23.85,7
20,78,1700000,66,63,58,60,61,63,74,68,64,21.8,6
23,75,1900000,66,64,59,46,72,68,77,69,57,22.74,2
28,65,725000,73,69,57,56,67,61,74,59,69,22.59,2
24,69,1200000,65,58,64,55,70,64,80,68,46,22.34,6
24,74,2100000,72,72,59,59,58,67,68,72,55,22.59,1
29,64,575000,65,64,58,53,56,62,69,65,65,24.25,0
37,72,900000,75,85,70,83,62,77,32,75,74,18.56,7
28,70,1800000,72,70,64,68,68,72,68,72,56,23.6,7
37,60,80000,62,65,55,54,58,61,51,62,61,21.6,2
24,73,1700000,65,70,59,55,66,66,69,64,66,23.12,6
25,69,1300000,69,67,63,60,63,65,69,67,61,22.99,2
25,74,2200000,75,67,56,46,72,70,79,72,82,20.9,1
20,78,1400000,63,65,60,55,62,63,80,60,55,19.66,6
23,74,1900000,69,64,57,58,68,67,82,70,58,24.1,7
27,67,1100000,70,71,66,65,60,65,62,66,56,24.65,7
24,68,850000,64,61,60,59,63,61,67,65,66,23.04,7
19,76,1600000,69,65,58,62,65,65,78,69,63,20.72,2
29,70,1600000,74,68,72,37,66,69,70,76,71,24.49,7
23,78,3800000,73,71,60,59,63,70,72,75,65,24.38,6
19,81,2900000,69,67,63,62,64,68,62,71,59,23.03,7
30,67,1000000,67,60,58,64,65,65,77,72,67,22.94,0
18,82,1800000,67,54,57,52,68,66,82,68,52,22.28,7
28,62,400000,61,59,45,59,58,57,68,79,65,26.01,6
24,67,600000,60,57,56,53,62,62,81,59,58,21.8,2
22,70,975000,65,52,59,52,65,66,71,61,49,26.17,7
22,73,1800000,69,71,62,61,56,56,60,75,55,24.16,7
24,70,1400000,62,56,61,57,72,63,79,77,66,25.13,3
26,73,2800000,75,77,63,62,65,65,71,75,62,23.43,7
18,81,1800000,68,66,57,59,64,65,74,67,64,21.27,7
28,61,325000,62,58,53,55,61,60,73,64,62,26.06,2
25,72,1700000,68,64,62,66,70,68,80,68,55,21.1,7
32,62,325000,66,52,54,56,60,58,70,64,59,20.45,0
31,63,400000,65,66,62,62,62,59,52,68,70,23.2,2
28,67,1000000,68,63,55,61,66,66,82,67,62,23.08,6
31,63,400000,68,61,55,60,63,63,63,62,67,23.53,2
18,85,3700000,72,62,48,70,73,72,75,72,70,21.91,5
30,61,325000,58,61,56,58,59,57,81,60,59,23.12,6
39,65,240000,69,70,65,69,65,69,37,68,74,25.26,7
28,69,1400000,71,76,57,63,66,69,65,75,75,22.4,0
27,66,925000,68,65,61,69,64,66,67,74,66,22.79,7
24,74,1900000,69,56,65,65,73,75,71,65,54,21.6,1
29,65,725000,66,70,65,63,58,65,47,70,62,21.38,6
29,63,475000,61,62,59,51,63,59,83,64,55,22.21,2
22,73,1800000,64,56,58,55,74,68,86,66,60,24.49,7
27,69,1400000,69,73,63,64,64,65,54,72,67,23.21,6
28,72,2400000,75,79,63,64,59,68,62,83,62,23.41,7
36,68,400000,73,72,63,66,44,69,48,76,67,25.71,5
20,76,1200000,60,59,64,62,63,62,77,69,69,22.55,7
25,72,1500000,66,70,59,64,62,65,80,68,55,23.82,7
28,64,600000,70,56,60,60,63,62,69,68,64,24.16,1
32,64,475000,65,59,57,56,63,64,77,66,61,21.78,0
28,67,1000000,68,65,62,64,66,66,70,70,68,21.13,6
29,62,400000,57,53,58,59,62,60,83,64,56,23.37,7
24,73,2200000,73,76,58,66,66,68,62,73,62,21.7,7
33,62,190000,61,61,53,60,58,61,59,67,64,24.05,6
26,65,550000,62,55,59,55,65,63,73,72,64,23.81,7
28,59,230000,58,61,58,42,59,61,72,61,59,23.48,2
21,72,1100000,70,47,66,49,62,57,79,65,45,23.94,7
29,73,3000000,74,90,65,68,68,73,58,78,72,24.57,7
28,67,1000000,69,72,53,61,62,64,68,70,64,22.35,6
25,74,3000000,78,73,51,69,66,72,73,74,77,23.5,7
21,74,1600000,71,60,57,61,63,67,67,67,50,22.46,7
25,71,1300000,70,66,56,69,62,63,74,71,63,22.59,2
22,73,1300000,66,57,57,54,66,65,77,63,58,22.53,2
18,84,1600000,66,59,58,59,63,61,81,66,60,20.94,2
21,75,875000,68,59,61,51,63,65,75,61,55,24.3,0
23,77,3200000,69,65,62,68,70,69,75,74,62,24.62,7
25,73,1800000,63,72,63,61,61,58,88,77,61,24.67,6
24,70,1100000,63,50,61,62,66,68,83,66,53,22.89,1
21,74,1100000,64,61,58,54,63,61,78,61,54,23.12,2
21,71,900000,61,43,60,58,67,63,89,66,54,23.81,2
24,67,700000,63,62,56,55,61,64,74,64,54,21.5,7
27,66,925000,67,69,62,64,64,66,69,71,65,24.86,1
30,65,700000,65,69,59,67,59,66,51,70,66,20.13,6
21,75,1300000,66,51,58,44,62,64,78,62,60,20.52,1
30,66,850000,66,69,58,61,64,66,70,67,62,22.63,2
23,74,1900000,69,69,63,59,64,68,66,64,64,23.67,7
26,67,1000000,67,58,54,57,66,65,81,65,58,20.9,2
30,64,575000,65,67,55,60,61,63,67,66,64,23.18,1
21,74,1600000,68,66,58,67,69,62,75,59,59,23.08,6
19,77,850000,67,56,57,65,60,67,71,72,69,22.23,7
29,60,250000,59,55,45,59,63,57,75,67,59,22.71,3
30,64,575000,62,64,53,55,60,64,73,68,65,22.69,7
29,65,725000,65,64,59,68,61,62,55,81,68,24.84,6
25,70,1400000,70,68,64,47,65,67,72,70,73,24.65,7
20,72,1300000,66,63,64,61,64,64,65,63,57,21.47,1
26,73,2100000,72,68,65,59,69,65,68,71,72,22.63,7
26,66,725000,62,62,57,57,59,57,86,67,56,22.64,1
28,65,725000,64,59,54,60,60,65,78,71,61,23.29,2
24,72,1900000,73,70,63,69,65,67,67,71,54,24.22,1
21,74,1900000,66,65,57,59,62,67,64,74,67,21.62,7
21,75,1300000,66,62,52,59,64,64,73,71,58,24.15,7
18,79,2600000,71,64,63,65,68,72,82,71,69,23.25,7
29,62,400000,63,67,59,59,52,62,52,62,57,23.23,7
30,70,1600000,71,70,64,65,70,72,64,70,65,21.68,1
22,77,2700000,66,77,55,56,64,64,82,69,60,23.25,2
27,63,525000,64,58,63,58,62,62,72,62,65,23.63,7
25,75,2400000,76,75,69,68,67,73,67,70,64,20.9,2
21,76,1900000,70,69,62,68,64,68,69,63,68,23.08,2
23,73,1700000,68,72,46,53,67,64,86,70,53,21.0,6
27,66,925000,68,72,53,64,58,64,56,71,64,21.66,0
30,67,725000,65,71,60,68,64,65,68,68,68,23.63,6
20,80,2900000,68,63,59,60,68,70,77,69,61,23.08,7
25,74,2100000,74,68,58,64,68,69,67,69,71,21.8,7
33,67,650000,69,76,65,63,56,63,43,75,73,23.33,5
36,66,230000,69,66,65,58,62,64,38,65,70,24.38,6
21,78,3200000,68,74,58,55,60,68,62,77,66,23.7,2
27,65,775000,66,68,66,65,63,65,49,70,63,24.08,7
21,76,1900000,65,59,61,59,72,68,82,64,65,21.37,2
22,70,975000,63,58,60,59,70,66,74,68,58,23.84,2
24,74,2100000,72,70,59,64,73,72,82,66,59,24.15,2
22,73,700000,61,55,39,55,65,64,89,74,66,25.71,7
24,77,3200000,77,72,65,65,55,62,70,75,77,23.72,1
26,72,2000000,72,66,60,59,71,71,81,78,61,24.05,6
19,79,1300000,61,60,55,60,65,63,79,67,55,22.64,2
24,70,925000,65,62,59,55,70,64,66,59,64,22.59,7
21,75,1300000,64,60,64,52,59,62,82,62,60,22.5,1
31,63,400000,62,67,57,55,62,59,72,63,63,23.74,6
21,72,1500000,63,66,67,58,62,65,74,63,62,21.37,7
22,66,575000,59,48,58,54,66,64,81,70,63,22.21,1
26,68,1100000,68,55,59,57,65,63,90,64,62,21.33,6
24,69,1000000,63,56,59,51,62,68,80,66,55,23.63,6
21,77,1800000,66,68,63,61,62,65,68,63,65,21.93,7
33,59,100000,57,56,56,50,56,55,62,61,54,21.91,2
20,75,1600000,66,59,58,60,70,69,81,67,59,20.6,7
27,63,525000,65,59,51,46,60,60,81,64,60,21.91,7
26,63,400000,60,56,59,61,56,57,69,64,52,23.96,5
24,71,1100000,60,65,60,44,69,68,83,69,51,22.93,7
23,71,1500000,61,49,58,59,72,68,75,72,56,23.57,6
20,78,2300000,70,70,62,52,66,71,67,61,69,21.45,7
25,65,525000,62,61,56,58,60,59,73,68,65,21.8,7
20,80,1500000,65,67,56,58,63,63,68,67,68,22.15,0
30,72,2300000,77,77,65,55,58,65,77,76,62,22.28,6
19,74,550000,58,61,59,51,56,59,65,56,63,23.63,7
19,80,1500000,68,66,63,48,56,64,69,63,66,21.91,7
24,72,1800000,72,71,55,58,62,63,64,68,57,23.37,6
25,72,1500000,72,67,56,56,65,67,71,68,69,22.55,6
22,72,1100000,67,68,62,60,67,68,74,68,65,22.94,7
23,73,1700000,66,66,61,55,69,72,72,65,58,25.2,7
21,78,2100000,61,68,65,44,70,72,70,66,56,22.59,7
29,65,725000,66,62,57,61,62,63,71,67,65,22.55,7
22,75,2500000,69,67,58,59,68,65,73,78,67,22.74,2
37,62,140000,66,66,58,57,54,63,48,64,69,23.99,2
22,74,2000000,72,75,64,59,65,68,69,67,72,24.52,7
23,71,1200000,58,56,62,53,66,61,90,59,49,23.15,6
22,73,1300000,65,60,58,56,63,66,71,66,61,22.84,1
23,72,1400000,69,65,63,53,64,65,64,66,68,24.65,7
34,65,275000,67,64,54,61,58,51,66,62,67,23.48,6
18,79,2400000,67,74,57,56,65,66,73,64,62,23.89,7
26,70,1300000,67,67,64,55,66,62,72,69,59,24.54,6
20,77,1700000,68,60,59,46,66,65,76,67,72,22.09,7
25,73,2000000,71,74,59,53,68,65,77,75,52,22.07,6
21,76,1200000,64,65,62,50,58,65,58,70,58,24.0,1
22,74,1300000,66,55,62,56,68,66,76,70,60,20.83,7
22,74,2100000,77,78,60,59,62,59,57,71,72,25.15,2
19,80,2400000,67,69,62,57,68,69,79,67,68,25.06,7
36,68,400000,70,70,58,65,68,68,68,69,75,25.25,1
20,73,1100000,65,56,55,58,65,64,77,62,60,22.82,7
23,72,1100000,63,61,56,61,62,62,73,61,70,23.77,2
30,66,850000,67,65,60,64,64,66,62,70,70,22.13,6
27,63,525000,64,56,59,55,65,64,66,61,59,23.25,6
29,65,725000,63,64,62,60,65,64,73,64,55,21.66,2
27,60,275000,61,55,52,51,60,59,80,59,61,25.0,7
24,73,2000000,73,63,56,62,72,68,77,67,66,21.22,7
28,63,500000,62,63,57,53,60,63,73,64,67,20.56,2
20,72,1300000,64,63,60,59,63,63,67,64,62,23.2,7
25,75,2400000,73,78,68,65,70,63,75,64,66,23.04,1
26,66,625000,63,56,56,55,60,62,74,63,63,24.57,6
24,72,1600000,66,68,66,67,65,61,73,70,62,24.78,7
19,75,775000,61,53,54,54,62,61,86,62,59,21.85,2
22,75,1900000,67,55,54,53,65,66,85,70,60,22.99,2
23,75,1900000,67,67,69,52,71,69,69,58,60,22.84,2
20,74,1100000,64,47,53,59,65,67,75,66,61,24.21,7
19,76,950000,66,48,56,53,62,65,74,66,56,22.4,2
22,71,1100000,64,62,58,59,62,62,72,63,58,23.29,7
25,64,450000,53,63,56,59,59,62,73,65,57,22.59,5
24,73,1600000,67,70,55,59,63,61,79,78,63,22.1,2
26,69,1300000,67,72,55,68,62,64,73,69,67,24.78,2
35,74,1800000,77,90,73,80,66,76,35,79,70,24.7,7
20,69,500000,59,55,54,52,58,61,73,59,61,24.11,1
25,67,575000,59,51,58,57,62,60,88,63,60,26.47,6
21,76,1900000,65,68,57,48,64,70,71,68,52,24.68,2
27,62,375000,60,57,60,50,62,60,74,63,62,23.72,6
24,70,925000,64,58,53,51,64,63,78,68,65,24.78,7
22,72,1300000,66,63,59,50,62,65,78,63,66,23.05,7
31,64,500000,65,65,59,60,58,63,55,67,62,24.44,0
29,67,1000000,68,76,61,58,59,67,54,69,63,22.85,2
26,68,1100000,65,66,54,59,63,65,62,75,57,21.38,1
24,67,700000,64,57,53,57,62,63,78,67,57,22.79,2
29,61,325000,62,62,57,55,59,61,67,60,58,22.07,7
20,70,725000,59,63,56,55,62,60,71,59,59,22.64,7
26,67,900000,65,60,58,55,69,65,75,68,61,25.74,7
30,68,1200000,71,75,57,74,58,64,45,78,56,23.2,6
25,69,1000000,67,65,58,59,66,65,68,69,66,22.21,7
19,77,850000,63,49,57,58,62,63,72,65,53,22.74,7
22,74,2100000,70,67,51,52,63,64,78,71,69,22.48,1
30,62,400000,60,64,55,58,58,61,64,62,57,20.4,2
23,70,925000,63,59,58,54,65,62,74,65,57,19.88,2
19,80,2000000,67,54,63,59,70,72,83,69,64,22.34,7
22,72,1100000,65,59,60,67,67,64,57,73,53,22.22,7
23,74,2100000,71,70,61,59,62,66,53,70,65,24.41,6
25,65,525000,61,57,58,55,63,61,81,60,52,21.33,0
21,75,1900000,69,60,54,58,58,59,84,70,61,26.2,1
25,64,500000,61,64,59,47,64,65,68,63,59,21.33,7
34,62,190000,64,68,58,60,47,62,47,66,65,23.82,2
27,66,825000,65,63,52,54,63,62,91,64,60,22.28,2
19,74,1000000,61,63,58,49,65,63,77,65,62,21.8,7
31,62,275000,61,62,56,62,59,59,58,63,66,24.3,6
29,64,575000,60,57,61,67,61,62,85,68,65,23.77,2
23,70,725000,61,56,54,42,64,65,81,59,55,24.02,7
24,68,725000,68,56,62,55,59,64,60,67,64,22.4,1
25,70,1500000,69,77,54,67,58,62,77,71,50,24.72,2
19,79,1700000,69,62,61,57,60,62,79,69,65,24.49,2
19,79,2400000,73,55,65,59,72,71,69,70,55,22.86,7
29,65,725000,65,73,55,63,59,62,54,74,65,23.57,2
31,66,575000,62,72,63,69,57,63,60,72,66,22.52,6
24,75,2200000,71,78,56,59,60,64,70,82,60,24.9,2
21,76,1900000,67,54,58,61,71,73,73,74,68,25.1,7
27,69,1400000,75,72,57,69,62,60,54,73,73,23.41,1
25,71,1600000,65,73,67,67,60,62,67,80,68,27.07,6
24,68,725000,63,73,63,63,62,64,56,63,66,21.62,7
22,72,1300000,65,57,59,55,67,64,80,62,61,22.15,7
30,68,1200000,75,72,65,67,58,63,53,72,66,24.93,7
21,73,1300000,65,54,58,59,67,65,75,63,62,20.31,2
25,66,475000,62,64,50,52,59,57,67,59,72,21.16,2
19,74,775000,62,68,58,53,58,63,68,58,55,22.16,2
22,69,750000,61,51,52,50,60,60,83,60,60,24.54,0
19,77,1900000,67,56,60,60,75,69,82,66,68,20.45,2
27,63,475000,60,62,57,61,62,62,71,69,62,22.16,6
24,66,500000,55,61,56,61,59,54,74,63,57,22.4,7
27,64,625000,65,63,60,58,63,63,62,66,60,22.16,7
22,74,1300000,67,59,59,60,66,64,75,65,62,19.45,7
23,71,1100000,66,63,65,63,68,66,65,64,68,25.74,1
20,77,1900000,67,66,59,59,65,67,68,68,63,21.39,7
22,72,1100000,65,64,51,54,62,60,65,63,57,22.4,7
35,59,70000,59,62,54,45,49,54,61,54,55,24.19,5
20,76,1600000,67,62,52,46,64,64,74,76,72,25.15,7
25,67,775000,63,61,58,52,60,61,87,67,60,23.62,7
19,76,1400000,69,65,58,49,72,70,65,62,66,21.53,7
25,70,1100000,70,64,55,54,62,66,68,63,51,23.29,6
26,66,625000,64,60,55,47,62,64,77,66,62,23.77,6
20,75,1600000,65,66,61,45,67,66,72,63,56,23.46,2
23,67,600000,60,63,52,45,61,62,78,65,58,22.15,7
21,69,550000,60,52,55,56,61,60,73,59,63,22.88,7
27,67,1100000,66,69,66,64,64,66,61,72,56,22.79,7
19,77,850000,66,56,58,49,60,61,70,58,60,21.3,2
23,68,675000,60,62,52,51,58,58,67,62,62,23.06,7
22,72,1300000,66,63,60,59,63,61,78,61,64,22.59,1
19,76,1400000,61,62,58,50,70,69,77,57,62,24.9,7
30,65,700000,69,71,50,56,56,60,69,65,63,24.43,7
19,78,2000000,72,66,38,61,66,66,74,66,61,21.56,1
26,65,700000,69,59,57,41,52,62,71,70,49,22.32,2
24,66,575000,60,51,60,53,64,62,76,65,57,23.12,7
32,60,200000,62,63,55,57,56,57,57,61,61,19.45,7
23,64,350000,60,58,46,50,59,62,78,59,60,24.69,7
28,63,500000,60,71,62,60,55,60,46,75,60,23.48,7
24,70,1200000,66,72,56,58,61,63,73,65,60,21.75,2
32,63,400000,57,65,63,57,60,58,78,66,64,22.65,6
21,78,2300000,65,66,72,59,59,71,70,66,72,24.97,7
30,63,475000,64,67,60,63,59,64,52,66,57,25.46,7
25,68,950000,68,74,50,60,64,65,52,67,69,22.63,7
23,74,2100000,68,67,66,60,67,64,75,69,69,24.11,2
18,80,675000,60,54,55,55,58,56,92,59,59,21.13,2
24,67,600000,64,59,50,49,65,61,76,65,60,23.46,7
27,67,1000000,66,58,60,60,67,66,77,68,62,24.11,1
19,74,950000,66,62,55,55,65,61,58,65,62,23.18,2
22,78,2300000,69,61,60,49,64,66,89,73,66,24.05,7
31,62,325000,60,59,58,48,62,63,59,67,68,24.05,2
27,69,1500000,68,68,57,68,67,68,74,78,71,25.51,6
22,73,900000,69,56,58,50,68,65,75,54,65,20.28,7
24,68,850000,65,71,60,58,63,65,68,58,59,23.59,1
36,61,110000,60,63,54,55,58,60,54,61,64,23.67,7
27,70,1600000,70,67,52,72,65,71,65,76,66,22.82,7
23,69,550000,63,62,52,55,64,63,69,59,53,21.13,1
18,85,1900000,67,66,50,62,60,62,78,69,60,20.81,2
24,67,600000,63,56,54,42,62,60,83,61,65,23.51,7
31,61,275000,63,61,58,60,53,57,61,65,61,23.33,7
19,72,600000,55,62,53,70,61,63,67,70,52,21.97,1
28,64,475000,65,56,53,63,64,63,78,67,62,24.62,6
24,70,1100000,70,75,49,55,54,63,53,77,77,24.52,7
28,60,210000,57,55,58,54,56,57,66,61,60,26.78,7
39,65,240000,64,74,62,59,50,68,44,71,64,34.72,3
28,64,600000,65,61,56,62,61,62,66,67,61,25.88,2
26,71,1600000,69,69,63,65,63,64,59,76,62,25.46,2
32,66,700000,69,73,62,63,62,66,44,66,63,25.46,7
23,68,625000,61,65,56,54,56,61,66,67,62,20.22,6
31,66,725000,66,79,59,64,54,65,50,67,66,23.98,1
22,75,2300000,68,67,57,64,64,67,65,68,64,21.11,2
28,65,725000,69,75,60,60,61,61,34,73,62,23.65,6
21,71,1100000,65,67,55,45,62,64,65,64,62,23.87,7
18,77,825000,63,54,58,53,60,61,77,58,58,22.94,2
21,71,900000,66,68,50,49,57,60,72,55,65,24.22,7
23,74,1900000,70,74,59,56,63,67,55,70,60,23.62,7
24,70,1100000,64,69,58,61,61,62,80,67,65,22.42,7
31,67,850000,73,68,63,64,61,66,36,70,64,23.87,3
21,77,3000000,74,66,68,64,64,66,78,69,57,21.71,2
20,74,1100000,66,67,52,63,59,63,49,64,64,22.4,2
31,62,275000,62,65,54,56,61,64,52,66,65,20.94,7
18,80,1700000,70,60,65,62,59,63,61,68,66,22.5,2
19,77,1700000,68,64,55,42,67,67,76,63,68,21.86,7
20,79,2500000,72,70,59,59,59,64,58,66,36,23.29,7
21,69,775000,62,65,51,62,62,60,82,69,60,25.11,6
22,74,1600000,69,76,50,51,61,62,55,67,63,22.82,7
21,75,1600000,68,62,58,51,62,64,67,66,60,21.6,2
22,68,300000,58,57,57,56,58,59,67,61,62,25.45,7
21,72,1100000,62,59,57,54,63,61,77,63,55,20.56,2
32,60,200000,62,55,44,57,61,62,68,63,58,23.72,7
26,72,1800000,72,73,61,59,66,68,55,74,64,26.29,1
21,71,2200000,77,76,62,71,63,67,41,85,71,25.77,6
26,63,475000,61,59,53,54,60,59,82,59,57,19.81,2
18,78,1100000,61,54,55,61,68,64,79,70,62,25.06,7
30,66,850000,68,68,55,61,56,68,56,71,66,22.12,1
27,66,925000,69,70,54,65,55,62,67,73,55,24.25,2
22,66,500000,60,62,60,56,59,60,76,60,66,21.13,7
24,69,1200000,68,57,65,46,71,64,80,61,61,22.46,6
22,72,900000,65,54,56,55,65,63,86,60,60,21.6,2
22,73,1300000,66,62,56,56,62,63,71,67,67,22.04,2
23,67,600000,62,60,56,55,62,63,69,59,63,22.74,2
22,75,2300000,71,59,49,53,69,66,83,66,62,23.33,7
19,80,800000,59,54,56,58,66,64,72,64,64,23.29,1
21,69,825000,68,65,61,64,65,57,69,68,65,23.78,7
26,69,1100000,68,65,58,61,59,63,68,80,60,24.71,7
24,67,500000,58,57,56,49,59,60,72,61,59,22.99,2
21,71,750000,65,55,64,57,66,68,68,60,53,23.37,7
24,70,1100000,66,72,56,40,61,59,72,72,50,20.99,6
20,70,550000,63,56,57,52,62,63,64,60,60,22.28,2
20,80,2100000,73,74,59,62,59,69,54,63,66,22.92,7
31,62,325000,64,62,58,41,67,63,67,65,63,23.55,7
32,67,825000,69,76,53,59,49,59,50,74,69,25.24,7
23,69,725000,62,60,56,55,56,57,69,60,63,21.33,7
21,73,1100000,61,69,56,58,55,64,54,75,62,23.2,6
24,67,700000,63,62,61,46,61,58,78,66,62,25.11,7
37,63,160000,65,83,51,63,43,48,30,78,65,24.02,6
29,65,725000,68,66,51,66,59,66,75,62,61,20.98,1
21,73,800000,67,61,66,41,54,66,77,66,73,21.85,1
21,75,1200000,61,67,56,54,66,61,73,64,60,22.89,7
18,78,625000,60,59,56,54,59,58,78,57,60,22.04,2
24,67,800000,62,64,63,60,58,62,78,67,60,24.78,7
19,74,575000,63,55,59,41,60,64,79,70,51,21.33,2
27,61,350000,60,60,56,56,61,61,67,63,68,22.35,2
24,73,1700000,71,68,63,49,68,74,61,70,75,20.88,1
19,73,550000,61,62,58,45,54,61,73,55,49,26.64,6
17,84,1600000,63,58,56,58,64,66,71,68,53,23.37,7
24,66,675000,63,61,56,56,59,61,74,63,60,21.33,6
19,77,1400000,71,68,50,55,59,57,65,66,66,24.52,7
27,61,300000,58,60,55,50,56,58,67,65,57,22.5,7
26,65,525000,63,55,54,60,61,64,64,61,57,23.55,7
22,67,450000,58,62,50,53,49,55,73,59,51,23.7,2
22,74,1300000,67,66,50,47,65,64,69,62,65,23.12,7
21,70,900000,62,67,60,56,58,56,73,61,50,22.69,6
30,69,1400000,71,78,59,52,53,65,55,78,68,24.14,6
26,61,300000,58,54,50,52,58,57,76,64,60,22.59,1
29,65,725000,69,72,55,55,59,62,32,76,65,23.95,2
28,61,325000,59,65,59,57,60,59,70,68,67,24.02,7
20,76,2300000,69,57,55,61,68,70,72,72,68,24.72,7
23,73,1600000,70,65,55,66,63,64,64,68,58,22.96,5
24,71,1200000,65,56,56,54,60,63,88,63,59,21.22,6
28,65,725000,73,69,52,55,61,64,55,68,70,23.45,7
23,68,425000,61,55,54,59,61,60,70,61,60,22.16,1
24,70,975000,66,64,48,49,60,60,81,68,64,22.15,6
32,67,825000,69,87,53,68,43,68,34,75,62,23.21,7
32,65,575000,67,75,64,63,53,62,44,66,66,20.82,3
24,68,500000,67,46,58,69,67,66,68,57,62,22.22,6
24,66,400000,59,59,52,53,58,57,79,60,61,22.79,2
23,72,1100000,70,62,58,51,60,62,58,66,72,22.16,7
27,65,775000,68,71,48,61,60,64,54,69,60,23.89,7
28,69,1100000,70,78,64,69,69,66,45,74,73,21.11,3
28,64,600000,68,73,65,49,57,67,27,69,63,24.67,1
29,68,1200000,72,80,61,68,53,66,47,72,71,23.6,6
34,66,425000,69,73,57,66,62,64,49,71,65,22.92,7
20,69,550000,62,57,56,43,61,60,71,60,37,23.24,1
20,77,850000,62,56,58,43,64,66,66,58,55,21.15,6
22,68,500000,61,46,52,53,58,59,74,66,66,21.5,1
34,66,425000,67,69,57,62,64,66,52,69,63,22.88,1
20,77,1200000,60,64,58,49,56,62,84,59,57,21.38,7
20,75,1600000,70,70,64,55,66,64,56,64,68,25.34,1
36,63,160000,65,66,59,62,58,62,50,67,71,25.18,7
26,62,300000,59,59,60,52,61,58,74,59,65,22.21,1
22,66,450000,57,51,49,53,64,60,79,68,56,24.49,7
39,65,240000,64,77,63,61,63,68,29,71,65,24.65,1
20,79,1400000,68,57,56,59,64,66,69,67,60,22.09,7
20,72,600000,61,56,61,55,65,63,72,58,58,21.11,2
22,75,1300000,66,66,48,53,63,59,68,69,77,21.61,7
18,75,575000,64,56,53,62,59,60,70,60,63,21.68,2
18,79,1000000,62,58,54,45,65,67,74,64,61,22.09,7
20,70,875000,68,70,63,47,59,60,54,66,75,21.91,7
23,72,1400000,69,64,57,60,58,64,62,63,52,23.63,7
21,74,1100000,64,64,62,50,57,55,80,61,70,24.69,1
20,71,500000,59,54,48,55,52,54,78,59,61,21.6,1
24,68,725000,63,62,57,62,63,63,69,68,69,24.22,7
27,67,1000000,70,66,64,57,61,65,68,59,59,22.24,6
20,80,2100000,70,64,53,50,63,69,66,65,57,22.09,7
21,69,750000,57,65,59,46,60,63,75,60,52,23.45,7
23,67,525000,58,55,56,39,61,59,77,66,55,21.8,7
21,73,1300000,66,56,46,63,70,68,78,63,56,23.77,7
23,67,500000,62,65,54,54,53,58,67,60,61,21.74,3
19,74,525000,55,58,55,45,58,61,67,63,50,24.57,7
20,79,2500000,69,65,49,62,64,63,75,73,63,22.99,2
19,76,650000,62,68,53,60,60,58,69,57,63,20.45,2
27,60,275000,58,59,50,53,58,61,74,59,58,23.85,7
27,64,550000,64,69,57,54,55,57,72,66,61,21.61,0
21,74,1300000,68,57,49,46,65,66,70,57,63,23.29,7
20,76,1600000,69,60,61,56,66,68,78,66,50,23.2,7
21,80,3000000,69,64,57,47,64,66,73,80,65,28.29,1
27,63,525000,62,62,49,54,62,63,71,67,71,23.29,6
20,74,950000,67,48,59,42,57,59,80,69,60,21.55,2
24,66,500000,62,62,51,50,58,60,69,61,61,21.04,7
26,66,850000,68,82,61,58,58,57,41,69,62,22.91,5
25,66,475000,61,58,51,56,59,58,74,60,61,20.65,2
21,71,750000,62,58,58,45,58,63,70,58,60,21.86,2
20,78,1200000,65,68,53,40,55,61,66,66,67,21.61,2
17,81,2000000,69,63,62,52,75,68,77,68,64,22.04,2
22,71,1100000,64,58,59,60,65,63,78,64,59,21.79,7
29,68,1200000,71,70,55,62,64,66,73,69,65,22.48,7
21,75,975000,63,63,55,60,53,61,68,65,57,22.99,6
33,60,130000,59,64,42,56,48,51,50,67,65,21.38,7
24,68,850000,66,67,50,44,52,56,76,71,61,23.85,7
24,73,1600000,71,72,70,60,68,70,52,69,55,21.91,7
22,65,475000,61,56,60,46,61,62,70,63,56,23.62,2
20,64,180000,62,57,63,52,62,58,63,72,65,24.45,2
24,67,400000,56,55,55,58,63,60,73,67,59,23.03,7
22,72,900000,63,58,54,55,57,59,71,64,44,22.99,7
18,79,1200000,65,52,59,53,71,60,77,68,55,22.34,2
20,75,800000,65,51,52,54,64,62,72,58,56,20.6,7
29,62,400000,61,67,48,42,61,64,58,70,60,23.37,2
30,65,700000,68,66,58,58,57,62,63,71,62,24.62,7
26,65,600000,63,66,55,53,59,62,53,66,60,22.13,6
21,78,2700000,73,70,55,70,63,67,70,75,45,24.19,2
22,72,1300000,66,68,52,56,57,58,86,63,59,22.71,7
21,73,1100000,62,61,58,50,61,60,69,65,60,21.56,1
25,68,950000,62,69,58,59,68,71,67,66,55,22.73,6
24,66,400000,57,57,51,43,60,59,79,60,61,21.47,2
19,78,1100000,65,68,56,53,64,62,64,66,65,22.99,7
23,67,525000,61,58,54,56,60,61,74,63,59,22.84,7
22,77,2700000,69,66,68,63,67,66,74,68,65,22.55,7
21,73,800000,63,67,46,52,52,57,70,62,59,21.62,1
19,69,450000,64,69,50,53,58,56,51,58,65,22.68,2
23,68,725000,63,63,56,55,62,58,70,70,62,25.66,6
31,70,1300000,79,74,62,64,73,67,64,70,64,22.4,7
19,71,475000,59,52,57,56,58,60,70,55,50,21.37,6
24,70,975000,63,68,53,59,63,60,71,60,73,22.79,7
21,73,1300000,63,68,60,58,64,60,66,65,59,22.35,7
26,61,275000,58,57,50,53,56,58,77,57,56,22.4,2
19,79,1300000,67,67,58,58,57,60,65,64,63,21.95,1
20,72,875000,66,61,54,49,55,58,77,66,69,21.33,6
31,70,1300000,74,78,60,54,59,70,69,68,56,24.16,7
20,69,550000,61,58,54,56,57,59,73,59,60,23.05,7
27,69,1500000,71,78,54,65,61,65,64,74,65,25.45,7
27,64,625000,66,72,56,60,54,62,51,66,71,23.7,6
21,73,1800000,62,62,66,56,68,70,81,64,52,24.1,7
18,76,1100000,62,68,58,53,57,59,74,66,61,16.57,7
19,79,1000000,63,69,53,54,60,62,69,63,63,19.6,7
24,65,375000,60,53,60,50,64,63,79,60,61,21.07,7
20,78,1200000,64,62,64,52,61,67,65,65,55,24.86,7
26,66,950000,64,75,57,55,71,70,65,60,64,22.45,7
24,67,800000,66,68,51,58,59,58,75,65,55,20.37,7
24,76,2800000,73,73,60,67,67,69,59,68,68,21.38,2
26,64,500000,61,60,58,53,62,64,78,59,58,21.79,6
17,86,1500000,67,63,50,58,57,65,70,62,66,22.78,2
23,73,1300000,69,65,53,54,53,63,70,70,66,23.99,2
23,72,1300000,66,68,63,47,60,63,70,60,61,22.31,2
27,60,275000,60,55,46,56,60,58,79,61,56,22.2,7
31,64,500000,67,67,59,55,60,66,47,65,56,22.63,5
22,67,525000,59,57,51,52,59,60,73,62,59,21.45,2
19,76,1100000,65,47,62,58,66,64,77,60,57,22.1,7
23,70,725000,61,61,57,50,61,60,70,62,60,23.85,2
20,68,550000,67,56,56,45,55,58,55,64,60,24.16,7
19,77,575000,59,48,42,63,65,66,70,67,56,22.4,7
29,62,400000,62,60,53,58,62,62,68,65,67,23.77,6
21,75,1600000,65,67,60,51,64,55,82,69,57,22.99,2
20,71,550000,60,51,51,52,59,59,83,61,56,20.45,2
22,70,750000,59,57,61,49,64,61,88,58,65,23.12,7
30,66,850000,66,80,63,66,61,69,34,69,70,23.27,7
21,74,600000,58,52,56,45,64,63,77,68,53,23.45,6
21,73,1300000,70,65,46,57,60,64,69,66,59,23.81,2
20,71,550000,62,51,53,57,62,59,74,70,69,22.5,6
21,70,750000,65,65,50,44,53,57,55,62,66,22.89,7
20,73,1100000,73,60,54,58,75,61,64,72,69,22.26,2
23,73,1600000,72,68,66,67,61,66,59,67,50,23.04,1
23,68,625000,65,62,56,53,64,62,67,64,54,22.71,7
26,69,1300000,71,71,49,50,63,58,80,74,59,20.38,6
21,71,400000,54,54,64,39,67,68,75,67,62,24.97,7
19,72,875000,61,64,52,57,54,57,68,63,60,22.1,7
33,66,550000,69,76,60,69,58,63,36,74,69,23.38,3
33,61,210000,61,66,53,56,48,52,86,67,46,23.77,6
20,73,1300000,74,65,58,50,63,56,78,65,65,21.6,2
22,69,750000,62,57,51,46,60,59,76,59,61,23.57,7
26,68,1100000,63,75,51,47,60,64,82,71,63,22.55,6
24,66,400000,59,56,50,51,57,59,79,64,57,21.6,7
35,66,375000,72,74,58,76,48,58,40,70,68,25.11,6
22,65,375000,57,63,58,54,61,62,68,65,55,22.26,7
22,76,1600000,65,62,65,53,64,67,74,59,59,23.67,7
22,73,1300000,65,65,55,51,57,62,76,65,60,22.04,7
30,65,700000,64,66,56,57,64,65,60,74,58,22.55,3
24,69,800000,64,59,57,54,62,63,68,58,69,22.4,7
29,63,475000,64,64,52,46,55,64,69,64,62,23.95,5
27,68,1200000,69,76,67,66,60,67,36,67,68,22.55,6
23,71,900000,63,75,55,57,57,59,39,62,55,23.47,2
24,65,400000,59,57,51,51,55,57,72,53,62,23.18,2
22,67,375000,59,53,50,50,56,59,78,55,48,23.15,7
20,73,525000,66,64,54,50,59,55,70,70,69,21.04,7
33,66,400000,67,71,66,65,60,64,56,68,68,23.69,6
32,67,825000,69,69,64,69,66,68,43,68,63,22.24,2
26,64,425000,59,64,62,58,58,63,69,66,50,20.78,2
21,70,500000,67,48,50,63,56,64,66,75,62,23.15,1
23,71,1200000,71,72,61,60,64,55,59,62,70,23.67,7
22,70,900000,62,54,52,45,59,62,90,58,48,22.59,7
19,76,950000,63,62,50,59,62,60,66,65,60,22.09,2
18,81,900000,65,52,56,49,60,63,74,62,64,21.91,2
27,64,550000,59,72,54,63,58,65,45,69,62,20.35,7
21,71,1100000,68,69,52,44,51,60,59,70,63,23.46,1
26,63,400000,66,55,54,50,57,62,74,57,42,23.15,7
21,68,675000,62,63,54,55,68,60,62,58,50,21.7,6
20,71,725000,59,52,54,46,60,59,75,68,58,24.49,7
32,60,200000,61,74,55,62,43,59,30,67,59,20.94,2
22,70,750000,67,73,48,59,53,58,68,58,61,23.12,7
20,73,800000,64,55,58,52,65,63,72,60,60,25.88,7
18,79,825000,64,57,51,49,56,58,88,66,50,25.38,7
22,72,750000,62,71,47,55,55,60,76,56,61,22.72,7
22,68,650000,60,64,57,50,54,59,68,63,64,22.35,1
23,71,1100000,70,62,47,61,63,67,72,68,65,24.11,7
18,75,1100000,68,63,59,53,60,63,70,62,68,22.28,7
18,76,775000,62,60,53,58,62,64,64,61,57,21.85,7
30,60,240000,61,63,50,66,56,61,62,64,64,23.67,2
25,68,725000,67,68,53,44,56,59,54,64,67,22.84,1
22,68,550000,59,56,57,55,61,60,64,58,62,22.4,6
23,63,250000,56,54,44,44,63,62,67,53,56,23.04,1
19,75,1100000,64,64,54,56,58,63,63,68,58,23.55,7
18,75,575000,66,56,50,44,60,61,71,60,67,21.85,7
22,72,750000,65,58,61,41,64,63,58,61,61,23.33,7
22,69,450000,69,78,59,61,54,56,53,60,69,19.81,7
23,72,1300000,64,65,48,54,61,61,89,63,56,23.67,7
21,72,750000,67,68,54,41,61,54,78,57,68,21.13,2
20,74,600000,64,58,59,55,70,60,62,60,68,22.49,7
20,73,600000,62,44,54,47,60,55,87,60,56,21.6,7
20,66,190000,57,48,52,41,59,54,88,54,56,22.2,7
20,80,2100000,72,69,62,55,66,66,65,71,50,18.91,1
25,65,450000,61,61,51,66,62,62,56,66,60,23.15,2
19,76,1100000,65,63,64,51,67,68,68,60,61,19.9,6
19,78,1100000,69,60,58,53,65,66,66,58,60,22.79,2
19,77,650000,61,60,55,47,64,61,66,59,61,21.22,7
22,66,325000,61,51,54,42,58,57,71,57,61,21.05,7
20,71,875000,65,60,55,55,65,63,68,66,57,22.34,6
37,58,70000,60,63,56,58,53,58,40,62,63,20.83,2
19,74,425000,60,54,56,45,52,55,75,54,61,23.34,7
19,69,525000,63,62,47,61,60,57,68,64,54,22.99,6
21,73,1300000,66,71,51,60,60,59,62,73,70,23.57,6
26,66,725000,67,70,65,61,63,65,34,71,68,22.63,7
27,65,675000,72,74,53,58,50,66,54,66,64,24.54,2
25,68,950000,68,72,62,62,60,66,32,74,65,23.41,1
20,80,2100000,72,65,60,60,67,70,62,62,59,22.5,7
19,72,375000,55,56,58,38,52,55,64,60,45,19.87,7
23,67,500000,62,57,49,51,60,58,73,57,63,20.31,2
20,67,375000,58,62,53,49,60,58,69,55,69,21.71,2
22,72,750000,59,61,54,54,58,57,79,61,62,25.75,2
23,65,350000,58,57,45,44,57,56,88,58,59,20.9,7
19,72,875000,66,67,41,48,63,65,75,61,42,22.02,7
20,72,875000,66,61,55,58,64,65,68,64,45,21.48,7
23,65,350000,59,52,50,40,58,62,78,54,54,21.22,7
19,73,875000,69,66,65,51,55,65,64,58,68,24.16,1
19,70,400000,60,60,51,40,55,54,66,60,67,22.53,1
22,69,750000,61,58,55,55,59,60,69,63,55,22.53,7
19,74,600000,62,69,45,55,70,67,60,52,64,21.13,7
19,75,600000,66,48,56,59,66,59,73,68,69,22.1,1
19,72,600000,60,63,57,52,55,62,64,61,60,23.94,7
21,72,900000,67,65,50,59,57,59,63,60,55,20.97,7
19,80,650000,65,64,52,50,53,54,69,60,65,23.46,2
21,73,800000,62,58,52,54,60,59,75,60,60,22.09,2
18,79,625000,67,62,51,49,47,53,77,55,66,23.46,7
18,76,525000,62,54,53,51,64,63,80,56,58,21.6,7
18,80,825000,61,56,52,54,59,61,71,64,51,20.65,6
22,69,775000,65,62,58,54,62,64,68,60,62,20.37,6
25,62,300000,65,66,56,62,58,60,67,54,60,21.56,7
27,64,625000,70,73,58,63,47,57,48,68,70,23.47,7
27,56,150000,57,62,52,53,49,53,50,62,64,21.11,7
21,73,800000,60,59,56,38,61,62,74,60,57,20.37,2
19,75,575000,62,56,57,47,57,55,71,55,62,23.81,7
22,70,550000,61,55,54,54,63,61,80,58,57,21.15,7
29,61,325000,62,65,56,57,59,61,52,63,61,20.67,7
23,68,625000,63,56,60,55,65,60,68,63,58,23.59,6
23,65,400000,60,59,53,49,59,57,58,58,61,21.04,7
27,62,375000,61,57,50,49,58,59,70,61,58,23.82,7
22,70,900000,62,56,58,48,60,62,70,63,60,24.28,7
19,74,600000,66,60,56,57,65,63,55,59,60,20.76,7
20,76,975000,60,62,58,53,55,59,72,63,61,23.37,2
21,71,750000,60,59,59,54,68,62,68,60,61,23.67,7
22,66,450000,63,62,59,47,51,61,66,57,68,21.98,7
21,74,800000,66,66,60,54,65,61,56,62,71,23.29,7
22,69,750000,63,70,55,52,57,54,56,62,62,23.14,7
22,68,675000,65,61,58,53,61,63,81,58,57,21.45,7
18,79,1700000,70,67,54,63,61,65,62,68,59,21.39,7
22,66,450000,62,55,47,46,56,59,89,55,60,21.72,7
21,72,750000,63,59,52,57,57,60,65,62,59,22.35,7
21,68,450000,58,57,42,43,57,55,79,61,63,23.24,7
19,81,925000,67,59,57,48,62,62,65,68,58,20.52,7
20,77,650000,64,60,58,54,58,59,52,65,57,22.41,7
20,75,800000,67,66,56,45,61,57,66,60,64,22.52,7
19,74,775000,63,77,56,51,58,60,57,65,70,19.81,2
21,69,350000,69,46,49,63,56,59,71,71,63,21.8,7
19,68,350000,55,56,53,40,56,56,71,55,52,20.23,2
20,72,500000,61,53,52,58,62,59,68,55,58,22.78,7
19,72,600000,66,58,46,50,55,58,67,61,64,20.6,7
20,72,500000,66,43,57,51,64,69,52,69,69,22.09,7
17,75,575000,63,62,52,55,62,60,61,66,56,21.74,7
18,79,825000,64,59,50,56,56,58,63,70,63,22.1,7
18,83,775000,66,46,49,60,62,65,85,63,70,21.22,1
26,67,1000000,69,74,54,59,59,66,34,70,59,22.68,6
24,64,325000,57,53,49,49,58,57,84,56,50,23.32,6
19,75,525000,61,55,55,48,57,56,77,56,60,19.61,7
21,70,500000,60,57,51,54,52,54,64,61,60,21.68,7
19,70,400000,60,51,55,51,60,54,71,58,48,19.25,2
21,69,550000,65,57,48,45,62,58,84,58,57,22.09,7
19,73,475000,56,55,51,48,55,58,68,59,55,20.52,7
18,71,375000,54,51,52,49,66,61,74,58,50,22.34,2
19,69,250000,56,43,46,56,57,60,73,70,59,21.88,7
21,71,400000,59,58,48,47,55,55,55,58,64,23.37,2
20,69,250000,55,62,50,49,54,60,67,55,54,20.65,6
19,73,400000,65,53,48,47,60,61,69,63,59,26.2,7
22,65,325000,50,54,48,44,57,56,72,60,47,19.88,2
31,59,190000,59,60,55,45,57,59,64,60,57,21.93,1
22,67,500000,64,68,57,58,59,52,42,66,69,23.7,7
22,69,750000,65,62,51,52,63,62,69,64,50,24.58,6
24,68,725000,65,70,45,59,59,61,58,68,60,23.95,7
19,75,575000,60,58,48,43,57,59,73,56,63,17.9,7
21,67,450000,61,53,52,41,60,59,70,55,49,25.36,7
23,67,500000,60,59,53,54,56,60,55,61,60,22.4,7
19,71,550000,59,59,55,45,58,60,69,55,60,22.64,2
20,68,300000,54,55,51,42,52,54,69,50,50,20.23,7
20,71,350000,60,50,43,57,60,58,69,57,57,20.99,1
20,68,375000,59,55,55,44,54,55,67,60,57,24.77,7
23,73,1700000,70,68,56,55,65,66,64,66,68,23.0,7
18,79,650000,58,57,54,57,62,56,77,61,51,22.31,7
18,79,625000,66,65,55,55,52,60,63,62,53,24.02,7
19,71,525000,61,60,48,48,53,58,78,71,60,22.96,7
19,74,425000,59,56,46,49,63,61,67,60,49,21.97,7
20,70,350000,57,48,48,42,55,56,80,52,58,21.33,7
26,63,325000,59,61,54,50,54,57,70,60,58,22.09,7
27,60,220000,64,60,48,63,51,56,67,62,66,23.59,2
21,69,450000,59,57,49,49,54,57,64,62,55,24.42,7
22,69,450000,60,55,54,36,61,62,79,50,59,24.69,7
22,66,275000,56,51,46,45,55,54,74,53,54,21.3,1
20,69,450000,65,65,45,47,55,54,52,61,74,20.99,2
18,74,425000,62,55,54,53,60,58,74,59,52,20.37,7
19,75,525000,61,43,57,45,62,60,67,68,53,23.84,2
21,73,600000,66,59,53,53,51,61,53,58,68,23.41,1
18,71,375000,57,52,46,48,63,60,73,53,62,23.51,2
20,71,550000,60,65,51,55,50,57,56,60,57,22.24,7
21,70,550000,68,66,54,45,56,60,55,56,68,22.64,7
22,67,500000,67,57,45,55,52,60,58,67,62,23.67,7
20,67,375000,58,59,50,44,50,54,69,59,51,27.47,7
24,66,450000,65,66,40,45,56,60,55,67,64,23.16,1
19,67,220000,56,42,49,49,54,52,67,52,48,21.97,7
19,68,250000,56,49,42,54,50,50,66,56,57,21.62,2
21,64,240000,55,51,44,45,57,58,65,54,52,21.8,7
18,70,375000,63,50,44,52,57,58,65,63,58,22.53,2
22,67,325000,56,52,45,40,58,57,76,50,49,25.43,2
19,68,350000,57,53,44,50,56,55,68,56,57,22.26,7
19,70,300000,53,47,48,42,56,55,81,59,56,21.63,2
19,68,350000,64,41,55,47,58,60,72,71,59,22.34,7
22,65,325000,57,52,48,49,56,53,74,55,53,22.09,7
30,60,240000,61,63,52,49,53,59,60,63,54,24.16,7
23,64,275000,56,54,55,47,49,52,59,55,40,21.16,6
19,74,425000,61,44,49,51,58,60,76,60,56,21.22,7
20,72,325000,53,49,46,49,55,54,76,58,54,21.78,6
22,64,275000,55,50,41,47,53,52,73,62,52,23.59,3
20,71,400000,60,52,49,36,59,62,63,52,56,19.84,6
21,70,500000,61,52,49,47,61,59,76,56,58,20.38,7
19,70,500000,61,66,53,45,58,63,66,51,56,21.88,7
26,62,300000,68,64,55,62,57,62,48,63,46,24.81,7
18,76,425000,57,51,56,52,58,55,73,60,62,23.18,7
19,75,525000,60,58,53,51,55,56,55,62,52,20.52,1
20,71,550000,62,59,55,50,61,56,69,55,55,24.34,7
22,68,500000,60,64,56,53,48,57,58,65,55,23.06,7
26,64,500000,64,70,46,52,51,60,56,62,65,24.9,6
20,70,500000,61,65,51,45,52,59,63,53,59,20.13,7
19,69,250000,53,50,48,50,51,53,65,61,52,21.56,7
20,69,400000,57,42,44,32,61,56,69,58,41,23.51,2
23,69,550000,62,71,42,51,44,57,52,66,60,22.68,6
22,71,550000,67,62,54,44,68,58,72,54,60,22.86,7
18,76,575000,59,58,50,44,59,60,80,54,60,21.46,7
19,74,600000,62,62,54,54,63,61,77,59,55,21.97,6
21,73,550000,60,59,53,40,64,60,71,57,43,23.03,6
20,75,800000,65,61,42,56,55,58,62,65,62,21.88,7
19,76,525000,61,56,43,39,54,56,73,55,64,21.22,2
20,75,800000,67,65,44,41,56,58,64,63,62,20.68,7
19,77,575000,61,55,46,48,59,54,77,58,65,21.33,7
21,66,375000,57,57,47,49,54,53,76,63,53,23.08,7
18,80,675000,70,59,55,44,63,60,54,60,63,22.66,1
19,71,400000,60,64,54,43,62,55,64,53,71,22.46,7
20,70,350000,60,55,45,53,56,54,69,56,55,19.93,7
19,70,475000,58,59,46,44,58,59,76,52,51,23.96,7
23,70,725000,64,66,52,43,54,60,52,65,54,22.4,6
23,64,325000,59,58,47,41,53,56,65,54,52,22.63,7
21,69,350000,63,42,40,53,55,51,68,60,58,25.65,7
19,69,240000,54,50,43,46,55,52,79,49,50,20.52,2
19,69,300000,59,58,53,43,53,58,55,55,57,20.9,7
18,71,375000,55,48,53,37,58,59,78,58,49,23.06,7
21,65,375000,60,61,49,41,54,57,63,51,55,23.29,7
19,70,400000,61,55,49,47,57,58,68,50,49,21.45,7
19,69,240000,59,40,45,49,58,52,71,70,53,21.45,2
25,64,325000,61,58,51,47,49,58,69,63,61,20.65,7
23,66,375000,60,46,47,44,58,58,85,52,49,21.95,2
18,71,275000,56,54,44,48,47,50,66,58,60,20.28,2
19,71,325000,59,53,39,35,46,47,76,50,45,23.46,6
18,74,190000,66,59,45,40,49,55,38,55,67,21.63,1
20,65,190000,53,48,42,42,51,49,67,51,52,22.84,2
18,70,200000,53,40,47,40,46,49,81,45,51,23.24,1
20,68,250000,58,50,42,44,49,54,58,57,47,21.61,7
18,72,240000,60,54,45,39,48,52,71,52,66,21.22,6
19,69,210000,56,52,42,46,50,53,59,52,61,21.46,1
19,67,220000,52,62,43,40,46,49,66,55,52,20.1,6
22,65,240000,60,50,42,38,53,52,60,46,58,25.66,7
18,68,200000,59,61,44,41,50,48,51,48,64,18.62,7
19,68,130000,56,49,36,42,52,48,60,51,56,22.84,6
21,57,110000,52,34,42,42,51,46,55,56,46,20.07,7
